path,extension,bytes,category,usage_role
AFINN-111.txt,.txt,28093,auxiliary-validation,misc
Corpus of gold-2.docx,.docx,14262,auxiliary-validation,provenance-or-media
Corpus of gold.docx,.docx,14262,auxiliary-validation,provenance-or-media
Important Book R.pdf,.pdf,6049903,auxiliary-validation,provenance-or-media
LancsBox/corpora/Climate_Change/GRD_2011-01-01000953.txt,.txt,1942,auxiliary-validation,reference-corpora
LancsBox/corpora/Climate_Change/GRD_2011-01-01000954.txt,.txt,1431,auxiliary-validation,reference-corpora
LancsBox/corpora/Climate_Change/GRD_2011-01-01000955.txt,.txt,1250,auxiliary-validation,reference-corpora
LancsBox/corpora/Climate_Change/GRD_2011-01-10000680.txt,.txt,1131,auxiliary-validation,reference-corpora
LancsBox/corpora/Climate_Change/GRD_2011-02-24001079.txt,.txt,1258,auxiliary-validation,reference-corpora
LancsBox/corpora/Climate_Change/GRD_2011-02-26001038.txt,.txt,1804,auxiliary-validation,reference-corpora
LancsBox/corpora/Climate_Change/GRD_2011-02-26001039.txt,.txt,2857,auxiliary-validation,reference-corpora
LancsBox/corpora/Climate_Change/GRD_2011-02-26001040.txt,.txt,1675,auxiliary-validation,reference-corpora
LancsBox/corpora/Climate_Change/GRD_2011-03-14002380.txt,.txt,240,auxiliary-validation,reference-corpora
LancsBox/corpora/Climate_Change/GRD_2011-03-14002381.txt,.txt,3619,auxiliary-validation,reference-corpora
LancsBox/corpora/Climate_Change/GRD_2011-03-14002382.txt,.txt,1680,auxiliary-validation,reference-corpora
LancsBox/corpora/Climate_Change/GRD_2011-03-14002383.txt,.txt,754,auxiliary-validation,reference-corpora
LancsBox/corpora/Climate_Change/GRD_2011-03-14002384.txt,.txt,465,auxiliary-validation,reference-corpora
LancsBox/corpora/Climate_Change/GRD_2011-03-14002385.txt,.txt,1658,auxiliary-validation,reference-corpora
LancsBox/corpora/Climate_Change/GRD_2011-03-14002386.txt,.txt,724,auxiliary-validation,reference-corpora
LancsBox/corpora/Climate_Change/GRD_2011-03-22002061.txt,.txt,4710,auxiliary-validation,reference-corpora
LancsBox/corpora/Climate_Change/GRD_2011-03-22002062.txt,.txt,2088,auxiliary-validation,reference-corpora
LancsBox/corpora/Climate_Change/GRD_2011-05-19003757.txt,.txt,1102,auxiliary-validation,reference-corpora
LancsBox/corpora/Climate_Change/GRD_2011-05-19003758.txt,.txt,1013,auxiliary-validation,reference-corpora
LancsBox/corpora/Climate_Change/GRD_2011-05-19003759.txt,.txt,146,auxiliary-validation,reference-corpora
LancsBox/corpora/Climate_Change/GRD_2011-05-20003736.txt,.txt,537,auxiliary-validation,reference-corpora
LancsBox/corpora/Climate_Change/GRD_2011-05-20003737.txt,.txt,11785,auxiliary-validation,reference-corpora
LancsBox/corpora/Climate_Change/GRD_2011-05-20003738.txt,.txt,2616,auxiliary-validation,reference-corpora
LancsBox/corpora/Climate_Change/GRD_2011-05-20003739.txt,.txt,1392,auxiliary-validation,reference-corpora
LancsBox/corpora/Climate_Change/GRD_2011-05-20003740.txt,.txt,679,auxiliary-validation,reference-corpora
LancsBox/corpora/Climate_Change/GRD_2011-07-02006043.txt,.txt,1478,auxiliary-validation,reference-corpora
LancsBox/corpora/Climate_Change/GRD_2011-07-02006044.txt,.txt,627,auxiliary-validation,reference-corpora
LancsBox/corpora/Climate_Change/GRD_2011-07-02006045.txt,.txt,467,auxiliary-validation,reference-corpora
LancsBox/corpora/Climate_Change/GRD_2011-07-02006046.txt,.txt,258,auxiliary-validation,reference-corpora
LancsBox/corpora/Climate_Change/GRD_2011-07-02006047.txt,.txt,1401,auxiliary-validation,reference-corpora
LancsBox/corpora/Climate_Change/GRD_2011-07-02006048.txt,.txt,217,auxiliary-validation,reference-corpora
LancsBox/corpora/Climate_Change/GRD_2011-07-02006049.txt,.txt,9229,auxiliary-validation,reference-corpora
LancsBox/corpora/Climate_Change/GRD_2011-08-26006200.txt,.txt,5257,auxiliary-validation,reference-corpora
LancsBox/corpora/Climate_Change/GRD_2011-08-26006201.txt,.txt,1147,auxiliary-validation,reference-corpora
LancsBox/corpora/Climate_Change/GRD_2011-08-26006202.txt,.txt,984,auxiliary-validation,reference-corpora
LancsBox/corpora/Climate_Change/GRD_2011-08-27006175.txt,.txt,1361,auxiliary-validation,reference-corpora
LancsBox/corpora/Climate_Change/GRD_2011-08-27006176.txt,.txt,7639,auxiliary-validation,reference-corpora
LancsBox/corpora/Climate_Change/GRD_2011-08-27006177.txt,.txt,844,auxiliary-validation,reference-corpora
LancsBox/corpora/Climate_Change/GRD_2011-08-27006178.txt,.txt,1663,auxiliary-validation,reference-corpora
LancsBox/corpora/Climate_Change/GRD_2011-08-27006179.txt,.txt,5776,auxiliary-validation,reference-corpora
LancsBox/corpora/Climate_Change/GRD_2011-09-16007084.txt,.txt,2143,auxiliary-validation,reference-corpora
LancsBox/corpora/Climate_Change/GRD_2011-09-16007085.txt,.txt,985,auxiliary-validation,reference-corpora
LancsBox/corpora/Climate_Change/GRD_2011-10-26007616.txt,.txt,1233,auxiliary-validation,reference-corpora
LancsBox/corpora/Climate_Change/GRD_2011-10-26007617.txt,.txt,5990,auxiliary-validation,reference-corpora
LancsBox/corpora/Climate_Change/GRD_2011-10-27007593.txt,.txt,1439,auxiliary-validation,reference-corpora
LancsBox/corpora/Climate_Change/GRD_2011-10-27007594.txt,.txt,2492,auxiliary-validation,reference-corpora
LancsBox/corpora/Climate_Change/GRD_2011-10-27007595.txt,.txt,590,auxiliary-validation,reference-corpora
LancsBox/corpora/Climate_Change/GRD_2011-10-28007572.txt,.txt,623,auxiliary-validation,reference-corpora
LancsBox/corpora/Climate_Change/GRD_2011-10-29007549.txt,.txt,1495,auxiliary-validation,reference-corpora
LancsBox/corpora/Climate_Change/GRD_2011-10-29007550.txt,.txt,3972,auxiliary-validation,reference-corpora
LancsBox/corpora/Climate_Change/GRD_2011-12-13009824.txt,.txt,6389,auxiliary-validation,reference-corpora
LancsBox/corpora/Climate_Change/GRD_2011-12-13009825.txt,.txt,1953,auxiliary-validation,reference-corpora
LancsBox/corpora/Climate_Change/GRD_2011-12-14009782.txt,.txt,5275,auxiliary-validation,reference-corpora
LancsBox/corpora/Climate_Change/GRD_2011-12-14009783.txt,.txt,1575,auxiliary-validation,reference-corpora
LancsBox/corpora/Climate_Change/HER_2011-01-06000763.txt,.txt,904,auxiliary-validation,reference-corpora
LancsBox/corpora/Climate_Change/HER_2011-01-07000760.txt,.txt,311,auxiliary-validation,reference-corpora
LancsBox/corpora/Climate_Change/HER_2011-01-07000761.txt,.txt,1629,auxiliary-validation,reference-corpora
LancsBox/corpora/Climate_Change/HER_2011-01-08000759.txt,.txt,94,auxiliary-validation,reference-corpora
LancsBox/corpora/Climate_Change/HER_2011-01-10000757.txt,.txt,1580,auxiliary-validation,reference-corpora
LancsBox/corpora/Climate_Change/HER_2011-01-10000758.txt,.txt,815,auxiliary-validation,reference-corpora
LancsBox/corpora/Climate_Change/HER_2011-01-11000754.txt,.txt,1979,auxiliary-validation,reference-corpora
LancsBox/corpora/Climate_Change/HER_2011-01-11000755.txt,.txt,1676,auxiliary-validation,reference-corpora
LancsBox/corpora/Climate_Change/HER_2011-01-11000756.txt,.txt,768,auxiliary-validation,reference-corpora
LancsBox/corpora/Climate_Change/HER_2011-01-12000748.txt,.txt,19,auxiliary-validation,reference-corpora
LancsBox/corpora/Climate_Change/HER_2011-01-26000724.txt,.txt,1323,auxiliary-validation,reference-corpora
LancsBox/corpora/Climate_Change/HER_2011-02-05000705.txt,.txt,474,auxiliary-validation,reference-corpora
LancsBox/corpora/Climate_Change/HER_2011-02-05000706.txt,.txt,705,auxiliary-validation,reference-corpora
LancsBox/corpora/Climate_Change/HER_2011-02-05000707.txt,.txt,74,auxiliary-validation,reference-corpora
LancsBox/corpora/Climate_Change/HER_2011-02-05000708.txt,.txt,282,auxiliary-validation,reference-corpora
LancsBox/corpora/Climate_Change/HER_2011-02-07000703.txt,.txt,455,auxiliary-validation,reference-corpora
LancsBox/corpora/Climate_Change/HER_2011-02-07000704.txt,.txt,4023,auxiliary-validation,reference-corpora
LancsBox/corpora/Climate_Change/HER_2011-02-09000700.txt,.txt,1970,auxiliary-validation,reference-corpora
LancsBox/corpora/Climate_Change/HER_2011-02-15000692.txt,.txt,294,auxiliary-validation,reference-corpora
LancsBox/corpora/Climate_Change/HER_2011-02-15000693.txt,.txt,534,auxiliary-validation,reference-corpora
LancsBox/corpora/Climate_Change/HER_2011-02-16000691.txt,.txt,732,auxiliary-validation,reference-corpora
LancsBox/corpora/Climate_Change/HER_2011-03-15000634.txt,.txt,792,auxiliary-validation,reference-corpora
LancsBox/corpora/Climate_Change/HER_2011-03-15000635.txt,.txt,785,auxiliary-validation,reference-corpora
LancsBox/corpora/Climate_Change/HER_2011-03-15000636.txt,.txt,1657,auxiliary-validation,reference-corpora
LancsBox/corpora/Climate_Change/HER_2011-03-15000637.txt,.txt,898,auxiliary-validation,reference-corpora
LancsBox/corpora/Climate_Change/HER_2011-03-15000638.txt,.txt,1653,auxiliary-validation,reference-corpora
LancsBox/corpora/Climate_Change/HER_2011-03-15000639.txt,.txt,484,auxiliary-validation,reference-corpora
LancsBox/corpora/Climate_Change/HER_2011-03-15000640.txt,.txt,1293,auxiliary-validation,reference-corpora
LancsBox/corpora/Climate_Change/HER_2011-03-16000630.txt,.txt,3960,auxiliary-validation,reference-corpora
LancsBox/corpora/Climate_Change/HER_2011-03-16000631.txt,.txt,895,auxiliary-validation,reference-corpora
LancsBox/corpora/Climate_Change/HER_2011-03-16000632.txt,.txt,2962,auxiliary-validation,reference-corpora
LancsBox/corpora/Climate_Change/HER_2011-03-16000633.txt,.txt,873,auxiliary-validation,reference-corpora
LancsBox/corpora/Climate_Change/HER_2011-03-17000629.txt,.txt,2163,auxiliary-validation,reference-corpora
LancsBox/corpora/Climate_Change/HER_2011-03-18000623.txt,.txt,426,auxiliary-validation,reference-corpora
LancsBox/corpora/Climate_Change/HER_2011-03-18000624.txt,.txt,1322,auxiliary-validation,reference-corpora
LancsBox/corpora/Climate_Change/HER_2011-03-18000625.txt,.txt,42,auxiliary-validation,reference-corpora
LancsBox/corpora/Climate_Change/HER_2011-03-18000626.txt,.txt,1910,auxiliary-validation,reference-corpora
LancsBox/corpora/Climate_Change/HER_2011-03-29000587.txt,.txt,1545,auxiliary-validation,reference-corpora
LancsBox/corpora/Climate_Change/HER_2011-03-29000588.txt,.txt,1503,auxiliary-validation,reference-corpora
LancsBox/corpora/Climate_Change/HER_2011-03-29000589.txt,.txt,1294,auxiliary-validation,reference-corpora
LancsBox/corpora/Climate_Change/HER_2011-03-29000590.txt,.txt,1946,auxiliary-validation,reference-corpora
LancsBox/corpora/Climate_Change/HER_2011-03-30000583.txt,.txt,1292,auxiliary-validation,reference-corpora
LancsBox/corpora/Climate_Change/HER_2011-04-13000559.txt,.txt,1885,auxiliary-validation,reference-corpora
LancsBox/corpora/Climate_Change/HER_2011-04-13000560.txt,.txt,706,auxiliary-validation,reference-corpora
LancsBox/corpora/Climate_Change/HER_2011-04-14000557.txt,.txt,1007,auxiliary-validation,reference-corpora
LancsBox/corpora/Climate_Change/HER_2011-04-14000558.txt,.txt,776,auxiliary-validation,reference-corpora
LancsBox/corpora/Climate_Change/HER_2011-04-15000553.txt,.txt,2193,auxiliary-validation,reference-corpora
LancsBox/corpora/Climate_Change/HER_2011-04-15000554.txt,.txt,896,auxiliary-validation,reference-corpora
LancsBox/corpora/Climate_Change/HER_2011-04-15000555.txt,.txt,2436,auxiliary-validation,reference-corpora
LancsBox/corpora/Climate_Change/HER_2011-04-15000556.txt,.txt,1834,auxiliary-validation,reference-corpora
LancsBox/corpora/Climate_Change/HER_2011-04-16000550.txt,.txt,134,auxiliary-validation,reference-corpora
LancsBox/corpora/Climate_Change/HER_2011-04-16000551.txt,.txt,2159,auxiliary-validation,reference-corpora
LancsBox/corpora/Climate_Change/HER_2011-04-16000552.txt,.txt,498,auxiliary-validation,reference-corpora
LancsBox/corpora/Climate_Change/HER_2011-04-26000525.txt,.txt,1479,auxiliary-validation,reference-corpora
LancsBox/corpora/Climate_Change/HER_2011-04-26000526.txt,.txt,596,auxiliary-validation,reference-corpora
LancsBox/corpora/Climate_Change/HER_2011-05-09000479.txt,.txt,573,auxiliary-validation,reference-corpora
LancsBox/corpora/Climate_Change/HER_2011-05-09000480.txt,.txt,1559,auxiliary-validation,reference-corpora
LancsBox/corpora/Climate_Change/HER_2011-05-09000481.txt,.txt,2007,auxiliary-validation,reference-corpora
LancsBox/corpora/Climate_Change/HER_2011-05-09000482.txt,.txt,543,auxiliary-validation,reference-corpora
LancsBox/corpora/Climate_Change/HER_2011-05-11000473.txt,.txt,3275,auxiliary-validation,reference-corpora
LancsBox/corpora/Climate_Change/HER_2011-05-11000474.txt,.txt,345,auxiliary-validation,reference-corpora
LancsBox/corpora/Climate_Change/HER_2011-05-19000454.txt,.txt,4568,auxiliary-validation,reference-corpora
LancsBox/corpora/Climate_Change/HER_2011-05-19000455.txt,.txt,1464,auxiliary-validation,reference-corpora
LancsBox/corpora/Climate_Change/HER_2011-05-19000456.txt,.txt,832,auxiliary-validation,reference-corpora
LancsBox/corpora/Climate_Change/HER_2011-05-20000449.txt,.txt,484,auxiliary-validation,reference-corpora
LancsBox/corpora/Climate_Change/HER_2011-05-20000450.txt,.txt,1039,auxiliary-validation,reference-corpora
LancsBox/corpora/Climate_Change/HER_2011-05-21000445.txt,.txt,1219,auxiliary-validation,reference-corpora
LancsBox/corpora/Climate_Change/HER_2011-05-21000446.txt,.txt,1365,auxiliary-validation,reference-corpora
LancsBox/corpora/Climate_Change/HER_2011-05-21000447.txt,.txt,1581,auxiliary-validation,reference-corpora
LancsBox/corpora/Climate_Change/HER_2011-05-21000448.txt,.txt,1513,auxiliary-validation,reference-corpora
LancsBox/corpora/Climate_Change/HER_2011-05-23000441.txt,.txt,742,auxiliary-validation,reference-corpora
LancsBox/corpora/Climate_Change/HER_2011-05-23000442.txt,.txt,1257,auxiliary-validation,reference-corpora
LancsBox/corpora/Climate_Change/HER_2011-05-23000443.txt,.txt,1006,auxiliary-validation,reference-corpora
LancsBox/corpora/Climate_Change/HER_2011-05-23000444.txt,.txt,671,auxiliary-validation,reference-corpora
LancsBox/corpora/Climate_Change/HER_2011-05-24000439.txt,.txt,1005,auxiliary-validation,reference-corpora
LancsBox/corpora/Climate_Change/HER_2011-05-24000440.txt,.txt,1330,auxiliary-validation,reference-corpora
LancsBox/corpora/Climate_Change/HER_2011-06-01000428.txt,.txt,1598,auxiliary-validation,reference-corpora
LancsBox/corpora/Climate_Change/HER_2011-06-01000429.txt,.txt,4063,auxiliary-validation,reference-corpora
LancsBox/corpora/Climate_Change/HER_2011-06-02000421.txt,.txt,2003,auxiliary-validation,reference-corpora
LancsBox/corpora/Climate_Change/HER_2011-06-11000398.txt,.txt,1874,auxiliary-validation,reference-corpora
LancsBox/corpora/Climate_Change/HER_2011-06-11000399.txt,.txt,5527,auxiliary-validation,reference-corpora
LancsBox/corpora/Climate_Change/HER_2011-06-11000400.txt,.txt,765,auxiliary-validation,reference-corpora
LancsBox/corpora/Climate_Change/HER_2011-06-11000401.txt,.txt,489,auxiliary-validation,reference-corpora
LancsBox/corpora/Climate_Change/HER_2011-06-13000397.txt,.txt,689,auxiliary-validation,reference-corpora
LancsBox/corpora/Climate_Change/HER_2011-06-14000394.txt,.txt,1227,auxiliary-validation,reference-corpora
LancsBox/corpora/Climate_Change/HER_2011-06-14000395.txt,.txt,523,auxiliary-validation,reference-corpora
LancsBox/corpora/Climate_Change/HER_2011-06-14000396.txt,.txt,1931,auxiliary-validation,reference-corpora
LancsBox/corpora/Climate_Change/HER_2011-09-26000186.txt,.txt,4692,auxiliary-validation,reference-corpora
LancsBox/corpora/Climate_Change/HER_2011-09-26000187.txt,.txt,623,auxiliary-validation,reference-corpora
LancsBox/corpora/Climate_Change/HER_2011-09-26000188.txt,.txt,623,auxiliary-validation,reference-corpora
LancsBox/corpora/Climate_Change/HER_2011-10-15000144.txt,.txt,1814,auxiliary-validation,reference-corpora
LancsBox/corpora/Climate_Change/HER_2011-10-15000145.txt,.txt,754,auxiliary-validation,reference-corpora
LancsBox/corpora/Climate_Change/HER_2011-10-17000139.txt,.txt,605,auxiliary-validation,reference-corpora
LancsBox/corpora/Climate_Change/HER_2011-10-17000140.txt,.txt,4,auxiliary-validation,reference-corpora
LancsBox/corpora/Climate_Change/HER_2011-10-17000141.txt,.txt,425,auxiliary-validation,reference-corpora
LancsBox/corpora/Climate_Change/HER_2011-10-17000142.txt,.txt,4066,auxiliary-validation,reference-corpora
LancsBox/corpora/Climate_Change/HER_2011-10-25000116.txt,.txt,173,auxiliary-validation,reference-corpora
LancsBox/corpora/Climate_Change/HER_2011-10-26000111.txt,.txt,878,auxiliary-validation,reference-corpora
LancsBox/corpora/Climate_Change/HER_2011-10-26000112.txt,.txt,1952,auxiliary-validation,reference-corpora
LancsBox/corpora/Climate_Change/HER_2011-10-27000107.txt,.txt,1406,auxiliary-validation,reference-corpora
LancsBox/corpora/Climate_Change/HER_2011-10-27000108.txt,.txt,179,auxiliary-validation,reference-corpora
LancsBox/corpora/Climate_Change/HER_2011-10-27000109.txt,.txt,1938,auxiliary-validation,reference-corpora
LancsBox/corpora/Climate_Change/HER_2011-10-27000110.txt,.txt,723,auxiliary-validation,reference-corpora
LancsBox/corpora/Climate_Change/HER_2011-10-28000105.txt,.txt,1584,auxiliary-validation,reference-corpora
LancsBox/corpora/Climate_Change/HER_2011-10-28000106.txt,.txt,1742,auxiliary-validation,reference-corpora
LancsBox/corpora/Climate_Change/HER_2011-10-31000101.txt,.txt,1655,auxiliary-validation,reference-corpora
LancsBox/corpora/Climate_Change/HER_2011-11-04000085.txt,.txt,1944,auxiliary-validation,reference-corpora
LancsBox/corpora/Climate_Change/HER_2011-11-04000086.txt,.txt,2003,auxiliary-validation,reference-corpora
LancsBox/corpora/Climate_Change/HER_2011-11-04000087.txt,.txt,1859,auxiliary-validation,reference-corpora
LancsBox/corpora/Climate_Change/HER_2011-11-05000079.txt,.txt,737,auxiliary-validation,reference-corpora
LancsBox/corpora/Climate_Change/HER_2011-11-07000071.txt,.txt,934,auxiliary-validation,reference-corpora
LancsBox/corpora/Climate_Change/HER_2011-11-07000072.txt,.txt,840,auxiliary-validation,reference-corpora
LancsBox/corpora/Climate_Change/HER_2011-11-07000073.txt,.txt,1291,auxiliary-validation,reference-corpora
LancsBox/corpora/Climate_Change/HER_2011-11-30000004.txt,.txt,1082,auxiliary-validation,reference-corpora
LancsBox/corpora/Climate_Change/HER_2011-11-30000005.txt,.txt,1082,auxiliary-validation,reference-corpora
LancsBox/corpora/Climate_Change/HER_2011-11-30000006.txt,.txt,1139,auxiliary-validation,reference-corpora
LancsBox/corpora/Climate_Change/HER_2011-11-30000007.txt,.txt,932,auxiliary-validation,reference-corpora
LancsBox/corpora/Climate_Change/HER_2011-11-30000008.txt,.txt,1428,auxiliary-validation,reference-corpora
LancsBox/corpora/Climate_Change/HER_2011-12-01000001.txt,.txt,1343,auxiliary-validation,reference-corpora
LancsBox/corpora/Climate_Change/HER_2011-12-01000002.txt,.txt,75,auxiliary-validation,reference-corpora
LancsBox/corpora/Climate_Change/HER_2011-12-01000003.txt,.txt,2081,auxiliary-validation,reference-corpora
LancsBox/corpora/Climate_Change/HES_2011-01-02001029.txt,.txt,6249,auxiliary-validation,reference-corpora
LancsBox/corpora/Climate_Change/HES_2011-01-09001028.txt,.txt,1912,auxiliary-validation,reference-corpora
LancsBox/corpora/Climate_Change/HES_2011-01-16001025.txt,.txt,144,auxiliary-validation,reference-corpora
LancsBox/corpora/Climate_Change/HES_2011-01-16001026.txt,.txt,546,auxiliary-validation,reference-corpora
LancsBox/corpora/Climate_Change/HES_2011-01-16001027.txt,.txt,5149,auxiliary-validation,reference-corpora
LancsBox/corpora/Climate_Change/HES_2011-02-06001023.txt,.txt,1219,auxiliary-validation,reference-corpora
LancsBox/corpora/Climate_Change/HES_2011-02-06001024.txt,.txt,188,auxiliary-validation,reference-corpora
LancsBox/corpora/Climate_Change/HES_2011-03-06001022.txt,.txt,1197,auxiliary-validation,reference-corpora
LancsBox/corpora/Climate_Change/HES_2011-03-13001019.txt,.txt,143,auxiliary-validation,reference-corpora
LancsBox/corpora/Climate_Change/HES_2011-03-13001020.txt,.txt,851,auxiliary-validation,reference-corpora
LancsBox/corpora/Climate_Change/HES_2011-03-13001021.txt,.txt,3647,auxiliary-validation,reference-corpora
LancsBox/corpora/Climate_Change/HES_2011-03-20001015.txt,.txt,2699,auxiliary-validation,reference-corpora
LancsBox/corpora/Climate_Change/HES_2011-03-20001016.txt,.txt,7536,auxiliary-validation,reference-corpora
LancsBox/corpora/Climate_Change/HES_2011-03-20001017.txt,.txt,702,auxiliary-validation,reference-corpora
LancsBox/corpora/Climate_Change/HES_2011-03-20001018.txt,.txt,1430,auxiliary-validation,reference-corpora
LancsBox/corpora/Climate_Change/HES_2011-03-27001007.txt,.txt,4,auxiliary-validation,reference-corpora
LancsBox/corpora/Climate_Change/HES_2011-03-27001008.txt,.txt,1948,auxiliary-validation,reference-corpora
LancsBox/corpora/Climate_Change/HES_2011-03-27001009.txt,.txt,2491,auxiliary-validation,reference-corpora
LancsBox/corpora/Climate_Change/HES_2011-05-01000993.txt,.txt,6869,auxiliary-validation,reference-corpora
LancsBox/corpora/Climate_Change/HES_2011-05-01000994.txt,.txt,6765,auxiliary-validation,reference-corpora
LancsBox/corpora/Climate_Change/HES_2011-05-08000988.txt,.txt,3476,auxiliary-validation,reference-corpora
LancsBox/corpora/Climate_Change/HES_2011-05-08000989.txt,.txt,168,auxiliary-validation,reference-corpora
LancsBox/corpora/Climate_Change/HES_2011-05-08000990.txt,.txt,5328,auxiliary-validation,reference-corpora
LancsBox/corpora/Climate_Change/HES_2011-05-08000991.txt,.txt,352,auxiliary-validation,reference-corpora
LancsBox/corpora/Climate_Change/HES_2011-05-15000982.txt,.txt,552,auxiliary-validation,reference-corpora
LancsBox/corpora/Climate_Change/HES_2011-05-15000983.txt,.txt,1580,auxiliary-validation,reference-corpora
LancsBox/corpora/Climate_Change/HES_2011-05-15000984.txt,.txt,7499,auxiliary-validation,reference-corpora
LancsBox/corpora/Climate_Change/HES_2011-05-15000985.txt,.txt,1842,auxiliary-validation,reference-corpora
LancsBox/corpora/Climate_Change/HES_2011-05-15000986.txt,.txt,1834,auxiliary-validation,reference-corpora
LancsBox/corpora/Climate_Change/HES_2011-05-15000987.txt,.txt,1563,auxiliary-validation,reference-corpora
LancsBox/corpora/Climate_Change/HES_2011-05-22000975.txt,.txt,497,auxiliary-validation,reference-corpora
LancsBox/corpora/Climate_Change/HES_2011-05-22000976.txt,.txt,1543,auxiliary-validation,reference-corpora
LancsBox/corpora/Climate_Change/HES_2011-05-22000977.txt,.txt,360,auxiliary-validation,reference-corpora
LancsBox/corpora/Climate_Change/HES_2011-05-22000978.txt,.txt,8227,auxiliary-validation,reference-corpora
LancsBox/corpora/Climate_Change/HES_2011-05-22000979.txt,.txt,1784,auxiliary-validation,reference-corpora
LancsBox/corpora/Climate_Change/HES_2011-05-22000980.txt,.txt,312,auxiliary-validation,reference-corpora
LancsBox/corpora/Climate_Change/HES_2011-05-22000981.txt,.txt,361,auxiliary-validation,reference-corpora
LancsBox/corpora/Climate_Change/HES_2011-05-29000972.txt,.txt,2524,auxiliary-validation,reference-corpora
LancsBox/corpora/Climate_Change/HES_2011-05-29000973.txt,.txt,1483,auxiliary-validation,reference-corpora
LancsBox/corpora/Climate_Change/HES_2011-05-29000974.txt,.txt,103,auxiliary-validation,reference-corpora
LancsBox/corpora/Climate_Change/HES_2011-06-05000969.txt,.txt,6201,auxiliary-validation,reference-corpora
LancsBox/corpora/Climate_Change/HES_2011-06-05000970.txt,.txt,2624,auxiliary-validation,reference-corpora
LancsBox/corpora/Climate_Change/HES_2011-06-05000971.txt,.txt,1927,auxiliary-validation,reference-corpora
LancsBox/corpora/Climate_Change/HES_2011-06-12000968.txt,.txt,48,auxiliary-validation,reference-corpora
LancsBox/corpora/Climate_Change/HES_2011-06-19000966.txt,.txt,4096,auxiliary-validation,reference-corpora
LancsBox/corpora/Climate_Change/HES_2011-06-19000967.txt,.txt,4494,auxiliary-validation,reference-corpora
LancsBox/corpora/Climate_Change/HES_2011-07-03000964.txt,.txt,8277,auxiliary-validation,reference-corpora
LancsBox/corpora/Climate_Change/HES_2011-07-03000965.txt,.txt,268,auxiliary-validation,reference-corpora
LancsBox/corpora/Climate_Change/HES_2011-07-10000960.txt,.txt,455,auxiliary-validation,reference-corpora
LancsBox/corpora/Climate_Change/HES_2011-07-10000961.txt,.txt,8916,auxiliary-validation,reference-corpora
LancsBox/corpora/Climate_Change/HES_2011-07-10000962.txt,.txt,1543,auxiliary-validation,reference-corpora
LancsBox/corpora/Climate_Change/HES_2011-07-10000963.txt,.txt,1128,auxiliary-validation,reference-corpora
LancsBox/corpora/Climate_Change/HES_2011-07-17000958.txt,.txt,1389,auxiliary-validation,reference-corpora
LancsBox/corpora/Climate_Change/HES_2011-07-17000959.txt,.txt,2724,auxiliary-validation,reference-corpora
LancsBox/corpora/Climate_Change/HES_2011-07-24000957.txt,.txt,2533,auxiliary-validation,reference-corpora
LancsBox/corpora/Climate_Change/HES_2011-09-18000932.txt,.txt,1912,auxiliary-validation,reference-corpora
LancsBox/corpora/Climate_Change/HES_2011-09-18000933.txt,.txt,17,auxiliary-validation,reference-corpora
LancsBox/corpora/Climate_Change/HES_2011-09-18000934.txt,.txt,5128,auxiliary-validation,reference-corpora
LancsBox/corpora/Climate_Change/HES_2011-09-18000935.txt,.txt,550,auxiliary-validation,reference-corpora
LancsBox/corpora/Climate_Change/HES_2011-09-18000936.txt,.txt,1873,auxiliary-validation,reference-corpora
LancsBox/corpora/Climate_Change/HES_2011-09-18000937.txt,.txt,1549,auxiliary-validation,reference-corpora
LancsBox/corpora/Climate_Change/HES_2011-09-18000938.txt,.txt,1650,auxiliary-validation,reference-corpora
LancsBox/corpora/Climate_Change/HES_2011-09-18000939.txt,.txt,1912,auxiliary-validation,reference-corpora
LancsBox/corpora/Climate_Change/HES_2011-09-18000940.txt,.txt,17,auxiliary-validation,reference-corpora
LancsBox/corpora/Climate_Change/HES_2011-09-18000941.txt,.txt,5128,auxiliary-validation,reference-corpora
LancsBox/corpora/Climate_Change/HES_2011-09-18000942.txt,.txt,550,auxiliary-validation,reference-corpora
LancsBox/corpora/Climate_Change/HES_2011-10-09000904.txt,.txt,2172,auxiliary-validation,reference-corpora
LancsBox/corpora/Climate_Change/HES_2011-10-09000905.txt,.txt,4159,auxiliary-validation,reference-corpora
LancsBox/corpora/Climate_Change/HES_2011-10-09000906.txt,.txt,1515,auxiliary-validation,reference-corpora
LancsBox/corpora/Climate_Change/HES_2011-10-09000907.txt,.txt,1978,auxiliary-validation,reference-corpora
LancsBox/corpora/Climate_Change/HES_2011-10-16000902.txt,.txt,629,auxiliary-validation,reference-corpora
LancsBox/corpora/Climate_Change/HES_2011-10-16000903.txt,.txt,3512,auxiliary-validation,reference-corpora
LancsBox/corpora/Climate_Change/HES_2011-10-23000901.txt,.txt,747,auxiliary-validation,reference-corpora
LancsBox/corpora/Climate_Change/HES_2011-10-30000896.txt,.txt,7467,auxiliary-validation,reference-corpora
LancsBox/corpora/Climate_Change/HES_2011-10-30000897.txt,.txt,3576,auxiliary-validation,reference-corpora
LancsBox/corpora/Climate_Change/HES_2011-10-30000898.txt,.txt,6347,auxiliary-validation,reference-corpora
LancsBox/corpora/Climate_Change/HES_2011-10-30000899.txt,.txt,92,auxiliary-validation,reference-corpora
LancsBox/corpora/Climate_Change/HES_2011-10-30000900.txt,.txt,1675,auxiliary-validation,reference-corpora
LancsBox/corpora/Climate_Change/HES_2011-11-06000891.txt,.txt,7032,auxiliary-validation,reference-corpora
LancsBox/corpora/Climate_Change/HES_2011-11-06000892.txt,.txt,1560,auxiliary-validation,reference-corpora
LancsBox/corpora/Climate_Change/HES_2011-11-06000893.txt,.txt,2693,auxiliary-validation,reference-corpora
LancsBox/corpora/Climate_Change/HES_2011-11-06000894.txt,.txt,3405,auxiliary-validation,reference-corpora
LancsBox/corpora/Climate_Change/HES_2011-11-06000895.txt,.txt,8351,auxiliary-validation,reference-corpora
LancsBox/corpora/Climate_Change/HES_2011-11-13000890.txt,.txt,2096,auxiliary-validation,reference-corpora
LancsBox/corpora/Climate_Change/HES_2011-11-20000887.txt,.txt,4225,auxiliary-validation,reference-corpora
LancsBox/corpora/Climate_Change/HES_2011-11-20000888.txt,.txt,2574,auxiliary-validation,reference-corpora
LancsBox/corpora/Climate_Change/HES_2011-11-20000889.txt,.txt,66,auxiliary-validation,reference-corpora
LancsBox/corpora/Climate_Change/HES_2011-11-27000881.txt,.txt,4,auxiliary-validation,reference-corpora
LancsBox/corpora/Climate_Change/HES_2011-11-27000882.txt,.txt,910,auxiliary-validation,reference-corpora
LancsBox/corpora/Climate_Change/HES_2011-11-27000883.txt,.txt,2915,auxiliary-validation,reference-corpora
LancsBox/corpora/Climate_Change/HES_2011-11-27000884.txt,.txt,506,auxiliary-validation,reference-corpora
LancsBox/corpora/Climate_Change/HES_2011-11-27000885.txt,.txt,1159,auxiliary-validation,reference-corpora
LancsBox/corpora/Climate_Change/HES_2011-11-27000886.txt,.txt,1210,auxiliary-validation,reference-corpora
LancsBox/corpora/Climate_Change/HES_2011-12-04000879.txt,.txt,2565,auxiliary-validation,reference-corpora
LancsBox/corpora/Climate_Change/HES_2011-12-04000880.txt,.txt,5,auxiliary-validation,reference-corpora
LancsBox/corpora/Climate_Change/HES_2011-12-11000877.txt,.txt,6636,auxiliary-validation,reference-corpora
LancsBox/corpora/Climate_Change/HES_2011-12-11000878.txt,.txt,575,auxiliary-validation,reference-corpora
LancsBox/corpora/Climate_Change/HES_2011-12-18000875.txt,.txt,1151,auxiliary-validation,reference-corpora
LancsBox/corpora/Climate_Change/HES_2011-12-18000876.txt,.txt,1125,auxiliary-validation,reference-corpora
LancsBox/corpora/Climate_Change/IND_2011-01-01001083.txt,.txt,2260,auxiliary-validation,reference-corpora
LancsBox/corpora/Climate_Change/IND_2011-01-01001084.txt,.txt,3160,auxiliary-validation,reference-corpora
LancsBox/corpora/Climate_Change/IND_2011-01-03001081.txt,.txt,9072,auxiliary-validation,reference-corpora
LancsBox/corpora/Climate_Change/IND_2011-01-03001082.txt,.txt,1683,auxiliary-validation,reference-corpora
LancsBox/corpora/Climate_Change/IND_2011-01-04001080.txt,.txt,1480,auxiliary-validation,reference-corpora
LancsBox/corpora/Climate_Change/IND_2011-01-06001078.txt,.txt,3402,auxiliary-validation,reference-corpora
LancsBox/corpora/Climate_Change/IND_2011-01-06001079.txt,.txt,3602,auxiliary-validation,reference-corpora
LancsBox/corpora/Climate_Change/IND_2011-01-28001057.txt,.txt,2202,auxiliary-validation,reference-corpora
LancsBox/corpora/Climate_Change/IND_2011-01-28001058.txt,.txt,4617,auxiliary-validation,reference-corpora
LancsBox/corpora/Climate_Change/IND_2011-01-29001055.txt,.txt,1967,auxiliary-validation,reference-corpora
LancsBox/corpora/Climate_Change/IND_2011-01-29001056.txt,.txt,4878,auxiliary-validation,reference-corpora
LancsBox/corpora/Climate_Change/IND_2011-02-01001054.txt,.txt,3791,auxiliary-validation,reference-corpora
LancsBox/corpora/Climate_Change/IND_2011-02-02001052.txt,.txt,1130,auxiliary-validation,reference-corpora
LancsBox/corpora/Climate_Change/IND_2011-02-02001053.txt,.txt,4178,auxiliary-validation,reference-corpora
LancsBox/corpora/Climate_Change/IND_2011-02-03001051.txt,.txt,1963,auxiliary-validation,reference-corpora
LancsBox/corpora/Climate_Change/IND_2011-02-04001050.txt,.txt,2994,auxiliary-validation,reference-corpora
LancsBox/corpora/Climate_Change/IND_2011-02-07001047.txt,.txt,10278,auxiliary-validation,reference-corpora
LancsBox/corpora/Climate_Change/IND_2011-02-07001048.txt,.txt,318,auxiliary-validation,reference-corpora
LancsBox/corpora/Climate_Change/IND_2011-02-07001049.txt,.txt,680,auxiliary-validation,reference-corpora
LancsBox/corpora/Climate_Change/IND_2011-02-09001046.txt,.txt,860,auxiliary-validation,reference-corpora
LancsBox/corpora/Climate_Change/IND_2011-02-10001043.txt,.txt,6274,auxiliary-validation,reference-corpora
LancsBox/corpora/Climate_Change/IND_2011-02-10001044.txt,.txt,770,auxiliary-validation,reference-corpora
LancsBox/corpora/Climate_Change/IND_2011-02-10001045.txt,.txt,1011,auxiliary-validation,reference-corpora
LancsBox/corpora/Climate_Change/IND_2011-02-12001042.txt,.txt,486,auxiliary-validation,reference-corpora
LancsBox/corpora/Climate_Change/IND_2011-02-14001040.txt,.txt,1181,auxiliary-validation,reference-corpora
LancsBox/corpora/Climate_Change/IND_2011-02-14001041.txt,.txt,1500,auxiliary-validation,reference-corpora
LancsBox/corpora/Climate_Change/IND_2011-02-18001039.txt,.txt,1018,auxiliary-validation,reference-corpora
LancsBox/corpora/Climate_Change/IND_2011-02-21001038.txt,.txt,673,auxiliary-validation,reference-corpora
LancsBox/corpora/Climate_Change/IND_2011-02-22001037.txt,.txt,5523,auxiliary-validation,reference-corpora
LancsBox/corpora/Climate_Change/IND_2011-02-23001036.txt,.txt,715,auxiliary-validation,reference-corpora
LancsBox/corpora/Climate_Change/IND_2011-02-24001035.txt,.txt,1342,auxiliary-validation,reference-corpora
LancsBox/corpora/Climate_Change/IND_2011-03-16001015.txt,.txt,495,auxiliary-validation,reference-corpora
LancsBox/corpora/Climate_Change/IND_2011-03-17001014.txt,.txt,4635,auxiliary-validation,reference-corpora
LancsBox/corpora/Climate_Change/IND_2011-03-18001012.txt,.txt,3699,auxiliary-validation,reference-corpora
LancsBox/corpora/Climate_Change/IND_2011-03-18001013.txt,.txt,17,auxiliary-validation,reference-corpora
LancsBox/corpora/Climate_Change/IND_2011-03-19001010.txt,.txt,4581,auxiliary-validation,reference-corpora
LancsBox/corpora/Climate_Change/IND_2011-03-19001011.txt,.txt,1931,auxiliary-validation,reference-corpora
LancsBox/corpora/Climate_Change/IND_2011-03-21001009.txt,.txt,1217,auxiliary-validation,reference-corpora
LancsBox/corpora/Climate_Change/IND_2011-03-22001005.txt,.txt,3589,auxiliary-validation,reference-corpora
LancsBox/corpora/Climate_Change/IND_2011-03-22001006.txt,.txt,487,auxiliary-validation,reference-corpora
LancsBox/corpora/Climate_Change/IND_2011-03-22001007.txt,.txt,4542,auxiliary-validation,reference-corpora
LancsBox/corpora/Climate_Change/IND_2011-03-22001008.txt,.txt,2233,auxiliary-validation,reference-corpora
LancsBox/corpora/Climate_Change/IND_2011-03-23001003.txt,.txt,803,auxiliary-validation,reference-corpora
LancsBox/corpora/Climate_Change/IND_2011-03-23001004.txt,.txt,2000,auxiliary-validation,reference-corpora
LancsBox/corpora/Climate_Change/IND_2011-04-19000972.txt,.txt,1196,auxiliary-validation,reference-corpora
LancsBox/corpora/Climate_Change/IND_2011-04-20000969.txt,.txt,2323,auxiliary-validation,reference-corpora
LancsBox/corpora/Climate_Change/IND_2011-04-21000964.txt,.txt,5276,auxiliary-validation,reference-corpora
LancsBox/corpora/Climate_Change/IND_2011-04-21000965.txt,.txt,4407,auxiliary-validation,reference-corpora
LancsBox/corpora/Climate_Change/IND_2011-04-21000966.txt,.txt,4905,auxiliary-validation,reference-corpora
LancsBox/corpora/Climate_Change/IND_2011-04-21000967.txt,.txt,4728,auxiliary-validation,reference-corpora
LancsBox/corpora/Climate_Change/IND_2011-04-21000968.txt,.txt,8907,auxiliary-validation,reference-corpora
LancsBox/corpora/Climate_Change/IND_2011-04-23000963.txt,.txt,2376,auxiliary-validation,reference-corpora
LancsBox/corpora/Climate_Change/IND_2011-04-25000962.txt,.txt,3352,auxiliary-validation,reference-corpora
LancsBox/corpora/Climate_Change/IND_2011-04-26000961.txt,.txt,128,auxiliary-validation,reference-corpora
LancsBox/corpora/Climate_Change/IND_2011-04-27000960.txt,.txt,3631,auxiliary-validation,reference-corpora
LancsBox/corpora/Climate_Change/IND_2011-05-18000937.txt,.txt,5248,auxiliary-validation,reference-corpora
LancsBox/corpora/Climate_Change/IND_2011-05-18000938.txt,.txt,558,auxiliary-validation,reference-corpora
LancsBox/corpora/Climate_Change/IND_2011-05-20000935.txt,.txt,321,auxiliary-validation,reference-corpora
LancsBox/corpora/Climate_Change/IND_2011-05-21000933.txt,.txt,2647,auxiliary-validation,reference-corpora
LancsBox/corpora/Climate_Change/IND_2011-05-21000934.txt,.txt,1773,auxiliary-validation,reference-corpora
LancsBox/corpora/Climate_Change/IND_2011-05-24000930.txt,.txt,1684,auxiliary-validation,reference-corpora
LancsBox/corpora/Climate_Change/IND_2011-05-24000931.txt,.txt,1241,auxiliary-validation,reference-corpora
LancsBox/corpora/Climate_Change/IND_2011-05-24000932.txt,.txt,4563,auxiliary-validation,reference-corpora
LancsBox/corpora/Climate_Change/IND_2011-05-25000929.txt,.txt,3362,auxiliary-validation,reference-corpora
LancsBox/corpora/Climate_Change/IND_2011-05-26000928.txt,.txt,865,auxiliary-validation,reference-corpora
LancsBox/corpora/Climate_Change/IND_2011-05-27000925.txt,.txt,5508,auxiliary-validation,reference-corpora
LancsBox/corpora/Climate_Change/IND_2011-05-27000926.txt,.txt,3414,auxiliary-validation,reference-corpora
LancsBox/corpora/Climate_Change/IND_2011-05-27000927.txt,.txt,1404,auxiliary-validation,reference-corpora
LancsBox/corpora/Climate_Change/IND_2011-06-08000911.txt,.txt,7646,auxiliary-validation,reference-corpora
LancsBox/corpora/Climate_Change/IND_2011-06-08000912.txt,.txt,501,auxiliary-validation,reference-corpora
LancsBox/corpora/Climate_Change/IND_2011-06-09000910.txt,.txt,3673,auxiliary-validation,reference-corpora
LancsBox/corpora/Climate_Change/IND_2011-07-02000881.txt,.txt,735,auxiliary-validation,reference-corpora
LancsBox/corpora/Climate_Change/IND_2011-07-02000882.txt,.txt,813,auxiliary-validation,reference-corpora
LancsBox/corpora/Climate_Change/IND_2011-07-04000878.txt,.txt,1230,auxiliary-validation,reference-corpora
LancsBox/corpora/Climate_Change/IND_2011-07-04000879.txt,.txt,7105,auxiliary-validation,reference-corpora
LancsBox/corpora/Climate_Change/IND_2011-07-05000876.txt,.txt,795,auxiliary-validation,reference-corpora
LancsBox/corpora/Climate_Change/IND_2011-07-05000877.txt,.txt,957,auxiliary-validation,reference-corpora
LancsBox/corpora/Climate_Change/IND_2011-07-06000875.txt,.txt,1045,auxiliary-validation,reference-corpora
LancsBox/corpora/Climate_Change/IND_2011-07-07000874.txt,.txt,252,auxiliary-validation,reference-corpora
LancsBox/corpora/Climate_Change/IND_2011-07-29000850.txt,.txt,3238,auxiliary-validation,reference-corpora
LancsBox/corpora/Climate_Change/IND_2011-07-30000848.txt,.txt,3229,auxiliary-validation,reference-corpora
LancsBox/corpora/Climate_Change/IND_2011-07-30000849.txt,.txt,1545,auxiliary-validation,reference-corpora
LancsBox/corpora/Climate_Change/IND_2011-08-01000845.txt,.txt,1561,auxiliary-validation,reference-corpora
LancsBox/corpora/Climate_Change/IND_2011-08-25000829.txt,.txt,9297,auxiliary-validation,reference-corpora
LancsBox/corpora/Climate_Change/IND_2011-08-27000828.txt,.txt,721,auxiliary-validation,reference-corpora
LancsBox/corpora/Climate_Change/IND_2011-08-30000825.txt,.txt,1125,auxiliary-validation,reference-corpora
LancsBox/corpora/Climate_Change/IND_2011-08-30000826.txt,.txt,642,auxiliary-validation,reference-corpora
LancsBox/corpora/Climate_Change/IND_2011-08-30000827.txt,.txt,1560,auxiliary-validation,reference-corpora
LancsBox/corpora/Climate_Change/IND_2011-09-01000824.txt,.txt,516,auxiliary-validation,reference-corpora
LancsBox/corpora/Climate_Change/IND_2011-09-02000821.txt,.txt,2132,auxiliary-validation,reference-corpora
LancsBox/corpora/Climate_Change/IND_2011-09-02000822.txt,.txt,1839,auxiliary-validation,reference-corpora
LancsBox/corpora/Climate_Change/IND_2011-09-02000823.txt,.txt,1831,auxiliary-validation,reference-corpora
LancsBox/corpora/Climate_Change/IND_2011-09-03000820.txt,.txt,1616,auxiliary-validation,reference-corpora
LancsBox/corpora/Climate_Change/IND_2011-09-06000819.txt,.txt,2293,auxiliary-validation,reference-corpora
LancsBox/corpora/Climate_Change/IND_2011-09-08000816.txt,.txt,872,auxiliary-validation,reference-corpora
LancsBox/corpora/Climate_Change/IND_2011-10-04000787.txt,.txt,2011,auxiliary-validation,reference-corpora
LancsBox/corpora/Climate_Change/IND_2011-10-07000784.txt,.txt,1956,auxiliary-validation,reference-corpora
LancsBox/corpora/Climate_Change/IND_2011-10-07000785.txt,.txt,1214,auxiliary-validation,reference-corpora
LancsBox/corpora/Climate_Change/IND_2011-10-08000780.txt,.txt,1972,auxiliary-validation,reference-corpora
LancsBox/corpora/Climate_Change/IND_2011-10-08000781.txt,.txt,4886,auxiliary-validation,reference-corpora
LancsBox/corpora/Climate_Change/IND_2011-10-08000782.txt,.txt,21,auxiliary-validation,reference-corpora
LancsBox/corpora/Climate_Change/IND_2011-10-08000783.txt,.txt,5377,auxiliary-validation,reference-corpora
LancsBox/corpora/Climate_Change/IND_2011-10-10000779.txt,.txt,1348,auxiliary-validation,reference-corpora
LancsBox/corpora/Climate_Change/IND_2011-10-11000778.txt,.txt,761,auxiliary-validation,reference-corpora
LancsBox/corpora/Climate_Change/IND_2011-10-13000777.txt,.txt,921,auxiliary-validation,reference-corpora
LancsBox/corpora/Climate_Change/IND_2011-10-14000776.txt,.txt,3070,auxiliary-validation,reference-corpora
LancsBox/corpora/Climate_Change/IND_2011-10-15000774.txt,.txt,2116,auxiliary-validation,reference-corpora
LancsBox/corpora/Climate_Change/IND_2011-10-15000775.txt,.txt,1495,auxiliary-validation,reference-corpora
LancsBox/corpora/Climate_Change/IND_2011-10-17000771.txt,.txt,1739,auxiliary-validation,reference-corpora
LancsBox/corpora/Climate_Change/IND_2011-10-17000772.txt,.txt,1036,auxiliary-validation,reference-corpora
LancsBox/corpora/Climate_Change/IND_2011-11-03000748.txt,.txt,2966,auxiliary-validation,reference-corpora
LancsBox/corpora/Climate_Change/IND_2011-11-03000749.txt,.txt,2722,auxiliary-validation,reference-corpora
LancsBox/corpora/Climate_Change/IND_2011-11-03000750.txt,.txt,1659,auxiliary-validation,reference-corpora
LancsBox/corpora/Climate_Change/IND_2011-11-04000745.txt,.txt,1069,auxiliary-validation,reference-corpora
LancsBox/corpora/Climate_Change/IND_2011-11-04000746.txt,.txt,2450,auxiliary-validation,reference-corpora
LancsBox/corpora/Climate_Change/IND_2011-11-04000747.txt,.txt,1280,auxiliary-validation,reference-corpora
LancsBox/corpora/Climate_Change/IND_2011-11-05000742.txt,.txt,1936,auxiliary-validation,reference-corpora
LancsBox/corpora/Climate_Change/IND_2011-11-05000743.txt,.txt,2637,auxiliary-validation,reference-corpora
LancsBox/corpora/Climate_Change/IND_2011-11-05000744.txt,.txt,1228,auxiliary-validation,reference-corpora
LancsBox/corpora/Climate_Change/IND_2011-11-07000740.txt,.txt,1341,auxiliary-validation,reference-corpora
LancsBox/corpora/Climate_Change/IND_2011-11-07000741.txt,.txt,785,auxiliary-validation,reference-corpora
LancsBox/corpora/Climate_Change/IND_2011-11-09000739.txt,.txt,2854,auxiliary-validation,reference-corpora
LancsBox/corpora/Climate_Change/IND_2011-11-28000710.txt,.txt,1833,auxiliary-validation,reference-corpora
LancsBox/corpora/Climate_Change/IND_2011-12-09000687.txt,.txt,50,auxiliary-validation,reference-corpora
LancsBox/corpora/Climate_Change/IND_2011-12-09000688.txt,.txt,842,auxiliary-validation,reference-corpora
LancsBox/corpora/Climate_Change/IND_2011-12-09000689.txt,.txt,5137,auxiliary-validation,reference-corpora
LancsBox/corpora/Climate_Change/IND_2011-12-09000690.txt,.txt,1011,auxiliary-validation,reference-corpora
LancsBox/corpora/Climate_Change/IND_2011-12-10000685.txt,.txt,4338,auxiliary-validation,reference-corpora
LancsBox/corpora/Climate_Change/IND_2011-12-10000686.txt,.txt,1577,auxiliary-validation,reference-corpora
LancsBox/corpora/Climate_Change/IND_2011-12-12000680.txt,.txt,168,auxiliary-validation,reference-corpora
LancsBox/corpora/Climate_Change/IND_2011-12-12000681.txt,.txt,698,auxiliary-validation,reference-corpora
LancsBox/corpora/Climate_Change/IND_2011-12-12000682.txt,.txt,1538,auxiliary-validation,reference-corpora
LancsBox/corpora/Climate_Change/IND_2011-12-12000683.txt,.txt,4719,auxiliary-validation,reference-corpora
LancsBox/corpora/Climate_Change/IND_2011-12-12000684.txt,.txt,1067,auxiliary-validation,reference-corpora
LancsBox/corpora/Climate_Change/IND_2011-12-13000676.txt,.txt,846,auxiliary-validation,reference-corpora
LancsBox/corpora/Climate_Change/IND_2011-12-30000663.txt,.txt,857,auxiliary-validation,reference-corpora
LancsBox/corpora/Climate_Change/IND_2011-12-31000662.txt,.txt,561,auxiliary-validation,reference-corpora
LancsBox/corpora/Climate_Change/INS_2011-01-02000900.txt,.txt,1309,auxiliary-validation,reference-corpora
LancsBox/corpora/Climate_Change/INS_2011-01-02000901.txt,.txt,6802,auxiliary-validation,reference-corpora
LancsBox/corpora/Climate_Change/INS_2011-01-09000694.txt,.txt,2437,auxiliary-validation,reference-corpora
LancsBox/corpora/Climate_Change/INS_2011-01-16000461.txt,.txt,5797,auxiliary-validation,reference-corpora
LancsBox/corpora/Climate_Change/INS_2011-01-16000462.txt,.txt,4995,auxiliary-validation,reference-corpora
LancsBox/corpora/Climate_Change/INS_2011-03-20002126.txt,.txt,4698,auxiliary-validation,reference-corpora
LancsBox/corpora/Climate_Change/INS_2011-03-20002127.txt,.txt,1946,auxiliary-validation,reference-corpora
LancsBox/corpora/Climate_Change/INS_2011-03-27001841.txt,.txt,441,auxiliary-validation,reference-corpora
LancsBox/corpora/Climate_Change/INS_2011-03-27001842.txt,.txt,5106,auxiliary-validation,reference-corpora
LancsBox/corpora/Climate_Change/INS_2011-03-27001843.txt,.txt,451,auxiliary-validation,reference-corpora
LancsBox/corpora/Climate_Change/INS_2011-03-27001844.txt,.txt,2157,auxiliary-validation,reference-corpora
LancsBox/corpora/Climate_Change/INS_2011-04-03003325.txt,.txt,4882,auxiliary-validation,reference-corpora
LancsBox/corpora/Climate_Change/INS_2011-04-03003326.txt,.txt,4906,auxiliary-validation,reference-corpora
LancsBox/corpora/Climate_Change/INS_2011-04-24002816.txt,.txt,631,auxiliary-validation,reference-corpora
LancsBox/corpora/Climate_Change/INS_2011-05-01004269.txt,.txt,1735,auxiliary-validation,reference-corpora
LancsBox/corpora/Climate_Change/INS_2011-05-08004074.txt,.txt,38537,auxiliary-validation,reference-corpora
LancsBox/corpora/Climate_Change/INS_2011-05-08004075.txt,.txt,3394,auxiliary-validation,reference-corpora
LancsBox/corpora/Climate_Change/INS_2011-05-08004076.txt,.txt,4732,auxiliary-validation,reference-corpora
LancsBox/corpora/Climate_Change/INS_2011-05-08004077.txt,.txt,8393,auxiliary-validation,reference-corpora
LancsBox/corpora/Climate_Change/INS_2011-05-08004078.txt,.txt,2362,auxiliary-validation,reference-corpora
LancsBox/corpora/Climate_Change/INS_2011-07-10005795.txt,.txt,1254,auxiliary-validation,reference-corpora
LancsBox/corpora/Climate_Change/INS_2011-07-10005796.txt,.txt,1510,auxiliary-validation,reference-corpora
LancsBox/corpora/Climate_Change/INS_2011-07-10005797.txt,.txt,5364,auxiliary-validation,reference-corpora
LancsBox/corpora/Climate_Change/INS_2011-07-17005590.txt,.txt,3441,auxiliary-validation,reference-corpora
LancsBox/corpora/Climate_Change/INS_2011-07-17005591.txt,.txt,4124,auxiliary-validation,reference-corpora
LancsBox/corpora/Climate_Change/INS_2011-07-24005435.txt,.txt,4525,auxiliary-validation,reference-corpora
LancsBox/corpora/Climate_Change/INS_2011-07-24005436.txt,.txt,5013,auxiliary-validation,reference-corpora
LancsBox/corpora/Climate_Change/INS_2011-07-31005283.txt,.txt,1664,auxiliary-validation,reference-corpora
LancsBox/corpora/Climate_Change/INS_2011-07-31005284.txt,.txt,1863,auxiliary-validation,reference-corpora
LancsBox/corpora/Climate_Change/INS_2011-07-31005285.txt,.txt,541,auxiliary-validation,reference-corpora
LancsBox/corpora/Climate_Change/INS_2011-08-07006529.txt,.txt,975,auxiliary-validation,reference-corpora
LancsBox/corpora/Climate_Change/INS_2011-10-30007461.txt,.txt,2093,auxiliary-validation,reference-corpora
LancsBox/corpora/Climate_Change/INS_2011-10-30007462.txt,.txt,8889,auxiliary-validation,reference-corpora
LancsBox/corpora/Climate_Change/INS_2011-11-20008743.txt,.txt,9339,auxiliary-validation,reference-corpora
LancsBox/corpora/Climate_Change/INS_2011-11-20008744.txt,.txt,2034,auxiliary-validation,reference-corpora
LancsBox/corpora/Climate_Change/INS_2011-11-20009243.txt,.txt,9339,auxiliary-validation,reference-corpora
LancsBox/corpora/Climate_Change/INS_2011-11-20009244.txt,.txt,2034,auxiliary-validation,reference-corpora
LancsBox/corpora/Climate_Change/INS_2011-11-27008502.txt,.txt,908,auxiliary-validation,reference-corpora
LancsBox/corpora/Climate_Change/INS_2011-11-27008503.txt,.txt,1529,auxiliary-validation,reference-corpora
LancsBox/corpora/Climate_Change/INS_2011-11-27008504.txt,.txt,4262,auxiliary-validation,reference-corpora
LancsBox/corpora/Climate_Change/INS_2011-11-27009002.txt,.txt,908,auxiliary-validation,reference-corpora
LancsBox/corpora/Climate_Change/INS_2011-11-27009003.txt,.txt,1529,auxiliary-validation,reference-corpora
LancsBox/corpora/Climate_Change/INS_2011-11-27009004.txt,.txt,4262,auxiliary-validation,reference-corpora
LancsBox/corpora/Climate_Change/INS_2011-12-04010164.txt,.txt,454,auxiliary-validation,reference-corpora
LancsBox/corpora/Climate_Change/INS_2011-12-04010165.txt,.txt,7577,auxiliary-validation,reference-corpora
LancsBox/corpora/Climate_Change/INS_2011-12-04010166.txt,.txt,1657,auxiliary-validation,reference-corpora
LancsBox/corpora/Climate_Change/INS_2011-12-04010167.txt,.txt,2528,auxiliary-validation,reference-corpora
LancsBox/corpora/Climate_Change/INS_2011-12-04010168.txt,.txt,1672,auxiliary-validation,reference-corpora
LancsBox/corpora/Climate_Change/INS_2011-12-04010169.txt,.txt,6326,auxiliary-validation,reference-corpora
LancsBox/corpora/Climate_Change/INS_2011-12-11009885.txt,.txt,1908,auxiliary-validation,reference-corpora
LancsBox/corpora/Climate_Change/INS_2011-12-11009886.txt,.txt,1007,auxiliary-validation,reference-corpora
LancsBox/corpora/Climate_Change/INS_2011-12-11009887.txt,.txt,4003,auxiliary-validation,reference-corpora
LancsBox/corpora/Climate_Change/INS_2011-12-11009888.txt,.txt,4554,auxiliary-validation,reference-corpora
LancsBox/corpora/Climate_Change/INS_2011-12-11009889.txt,.txt,1337,auxiliary-validation,reference-corpora
LancsBox/corpora/Climate_Change/INS_2011-12-11009890.txt,.txt,7004,auxiliary-validation,reference-corpora
LancsBox/corpora/Climate_Change/INS_2011-12-11009891.txt,.txt,2559,auxiliary-validation,reference-corpora
LancsBox/corpora/Climate_Change/INS_2011-12-18009648.txt,.txt,5133,auxiliary-validation,reference-corpora
LancsBox/corpora/Climate_Change/OBS_2011-01-02000909.txt,.txt,391,auxiliary-validation,reference-corpora
LancsBox/corpora/Climate_Change/OBS_2011-01-02000910.txt,.txt,1662,auxiliary-validation,reference-corpora
LancsBox/corpora/Climate_Change/OBS_2011-01-02000911.txt,.txt,847,auxiliary-validation,reference-corpora
LancsBox/corpora/Climate_Change/OBS_2011-01-02000912.txt,.txt,712,auxiliary-validation,reference-corpora
LancsBox/corpora/Climate_Change/OBS_2011-01-02000913.txt,.txt,632,auxiliary-validation,reference-corpora
LancsBox/corpora/Climate_Change/OBS_2011-01-02000914.txt,.txt,1800,auxiliary-validation,reference-corpora
LancsBox/corpora/Climate_Change/OBS_2011-01-30000032.txt,.txt,677,auxiliary-validation,reference-corpora
LancsBox/corpora/Climate_Change/OBS_2011-01-30000033.txt,.txt,16852,auxiliary-validation,reference-corpora
LancsBox/corpora/Climate_Change/OBS_2011-02-06001519.txt,.txt,6089,auxiliary-validation,reference-corpora
LancsBox/corpora/Climate_Change/OBS_2011-02-06001520.txt,.txt,1498,auxiliary-validation,reference-corpora
LancsBox/corpora/Climate_Change/OBS_2011-02-06001521.txt,.txt,1955,auxiliary-validation,reference-corpora
LancsBox/corpora/Climate_Change/OBS_2011-02-06001522.txt,.txt,12923,auxiliary-validation,reference-corpora
LancsBox/corpora/Climate_Change/OBS_2011-02-06001523.txt,.txt,1616,auxiliary-validation,reference-corpora
LancsBox/corpora/Climate_Change/OBS_2011-02-06001524.txt,.txt,1178,auxiliary-validation,reference-corpora
LancsBox/corpora/Climate_Change/OBS_2011-02-06001525.txt,.txt,1479,auxiliary-validation,reference-corpora
LancsBox/corpora/Climate_Change/OBS_2011-02-06001526.txt,.txt,1581,auxiliary-validation,reference-corpora
LancsBox/corpora/Climate_Change/OBS_2011-03-13002405.txt,.txt,1708,auxiliary-validation,reference-corpora
LancsBox/corpora/Climate_Change/OBS_2011-03-13002406.txt,.txt,4440,auxiliary-validation,reference-corpora
LancsBox/corpora/Climate_Change/OBS_2011-03-13002407.txt,.txt,6243,auxiliary-validation,reference-corpora
LancsBox/corpora/Climate_Change/OBS_2011-03-13002408.txt,.txt,6216,auxiliary-validation,reference-corpora
LancsBox/corpora/Climate_Change/OBS_2011-03-20002133.txt,.txt,3270,auxiliary-validation,reference-corpora
LancsBox/corpora/Climate_Change/OBS_2011-03-20002134.txt,.txt,100,auxiliary-validation,reference-corpora
LancsBox/corpora/Climate_Change/OBS_2011-03-20002135.txt,.txt,5267,auxiliary-validation,reference-corpora
LancsBox/corpora/Climate_Change/OBS_2011-03-20002136.txt,.txt,1356,auxiliary-validation,reference-corpora
LancsBox/corpora/Climate_Change/OBS_2011-03-20002137.txt,.txt,7355,auxiliary-validation,reference-corpora
LancsBox/corpora/Climate_Change/OBS_2011-03-20002138.txt,.txt,2761,auxiliary-validation,reference-corpora
LancsBox/corpora/Climate_Change/OBS_2011-03-20002139.txt,.txt,3756,auxiliary-validation,reference-corpora
LancsBox/corpora/Climate_Change/OBS_2011-03-20002140.txt,.txt,3270,auxiliary-validation,reference-corpora
LancsBox/corpora/Climate_Change/OBS_2011-03-20002141.txt,.txt,100,auxiliary-validation,reference-corpora
LancsBox/corpora/Climate_Change/OBS_2011-03-20002142.txt,.txt,5415,auxiliary-validation,reference-corpora
LancsBox/corpora/Climate_Change/OBS_2011-03-20002143.txt,.txt,1356,auxiliary-validation,reference-corpora
LancsBox/corpora/Climate_Change/OBS_2011-04-03003334.txt,.txt,11958,auxiliary-validation,reference-corpora
LancsBox/corpora/Climate_Change/OBS_2011-04-03003335.txt,.txt,1536,auxiliary-validation,reference-corpora
LancsBox/corpora/Climate_Change/OBS_2011-04-03003336.txt,.txt,409,auxiliary-validation,reference-corpora
LancsBox/corpora/Climate_Change/OBS_2011-04-10003157.txt,.txt,1559,auxiliary-validation,reference-corpora
LancsBox/corpora/Climate_Change/OBS_2011-04-10003158.txt,.txt,1826,auxiliary-validation,reference-corpora
LancsBox/corpora/Climate_Change/OBS_2011-04-10003159.txt,.txt,1439,auxiliary-validation,reference-corpora
LancsBox/corpora/Climate_Change/OBS_2011-04-17002987.txt,.txt,3397,auxiliary-validation,reference-corpora
LancsBox/corpora/Climate_Change/OBS_2011-04-17002988.txt,.txt,2244,auxiliary-validation,reference-corpora
LancsBox/corpora/Climate_Change/OBS_2011-04-17002989.txt,.txt,1077,auxiliary-validation,reference-corpora
LancsBox/corpora/Climate_Change/OBS_2011-04-17002990.txt,.txt,4269,auxiliary-validation,reference-corpora
LancsBox/corpora/Climate_Change/OBS_2011-04-24002826.txt,.txt,3530,auxiliary-validation,reference-corpora
LancsBox/corpora/Climate_Change/OBS_2011-05-01004272.txt,.txt,8910,auxiliary-validation,reference-corpora
LancsBox/corpora/Climate_Change/OBS_2011-05-01004273.txt,.txt,1040,auxiliary-validation,reference-corpora
LancsBox/corpora/Climate_Change/OBS_2011-05-01004274.txt,.txt,4777,auxiliary-validation,reference-corpora
LancsBox/corpora/Climate_Change/OBS_2011-05-01004275.txt,.txt,1375,auxiliary-validation,reference-corpora
LancsBox/corpora/Climate_Change/OBS_2011-05-01004276.txt,.txt,150,auxiliary-validation,reference-corpora
LancsBox/corpora/Climate_Change/OBS_2011-05-01004277.txt,.txt,8910,auxiliary-validation,reference-corpora
LancsBox/corpora/Climate_Change/OBS_2011-05-01004278.txt,.txt,1040,auxiliary-validation,reference-corpora
LancsBox/corpora/Climate_Change/OBS_2011-06-19004637.txt,.txt,3229,auxiliary-validation,reference-corpora
LancsBox/corpora/Climate_Change/OBS_2011-06-19004638.txt,.txt,2408,auxiliary-validation,reference-corpora
LancsBox/corpora/Climate_Change/OBS_2011-06-19004639.txt,.txt,928,auxiliary-validation,reference-corpora
LancsBox/corpora/Climate_Change/OBS_2011-07-17005598.txt,.txt,1483,auxiliary-validation,reference-corpora
LancsBox/corpora/Climate_Change/OBS_2011-07-17005599.txt,.txt,766,auxiliary-validation,reference-corpora
LancsBox/corpora/Climate_Change/OBS_2011-07-17005600.txt,.txt,1481,auxiliary-validation,reference-corpora
LancsBox/corpora/Climate_Change/OBS_2011-07-17005601.txt,.txt,3187,auxiliary-validation,reference-corpora
LancsBox/corpora/Climate_Change/OBS_2011-07-17005602.txt,.txt,3185,auxiliary-validation,reference-corpora
LancsBox/corpora/Climate_Change/OBS_2011-07-24005440.txt,.txt,5201,auxiliary-validation,reference-corpora
LancsBox/corpora/Climate_Change/OBS_2011-07-24005441.txt,.txt,3491,auxiliary-validation,reference-corpora
LancsBox/corpora/Climate_Change/OBS_2011-07-24005442.txt,.txt,5201,auxiliary-validation,reference-corpora
LancsBox/corpora/Climate_Change/OBS_2011-07-24005443.txt,.txt,3478,auxiliary-validation,reference-corpora
LancsBox/corpora/Climate_Change/OBS_2011-07-31005290.txt,.txt,1761,auxiliary-validation,reference-corpora
LancsBox/corpora/Climate_Change/OBS_2011-09-25006840.txt,.txt,15946,auxiliary-validation,reference-corpora
LancsBox/corpora/Climate_Change/OBS_2011-09-25006841.txt,.txt,545,auxiliary-validation,reference-corpora
LancsBox/corpora/Climate_Change/OBS_2011-10-09008113.txt,.txt,985,auxiliary-validation,reference-corpora
LancsBox/corpora/Climate_Change/OBS_2011-10-09008114.txt,.txt,325,auxiliary-validation,reference-corpora
LancsBox/corpora/Climate_Change/OBS_2011-10-09008115.txt,.txt,1836,auxiliary-validation,reference-corpora
LancsBox/corpora/Climate_Change/OBS_2011-10-09008116.txt,.txt,985,auxiliary-validation,reference-corpora
LancsBox/corpora/Climate_Change/OBS_2011-10-09008117.txt,.txt,1278,auxiliary-validation,reference-corpora
LancsBox/corpora/Climate_Change/OBS_2011-10-09008118.txt,.txt,325,auxiliary-validation,reference-corpora
LancsBox/corpora/Climate_Change/OBS_2011-10-09008119.txt,.txt,2868,auxiliary-validation,reference-corpora
LancsBox/corpora/Climate_Change/OBS_2011-11-20008757.txt,.txt,7160,auxiliary-validation,reference-corpora
LancsBox/corpora/Climate_Change/OBS_2011-11-20008758.txt,.txt,4798,auxiliary-validation,reference-corpora
LancsBox/corpora/Climate_Change/OBS_2011-11-20008759.txt,.txt,7160,auxiliary-validation,reference-corpora
LancsBox/corpora/Climate_Change/OBS_2011-11-20008760.txt,.txt,4751,auxiliary-validation,reference-corpora
LancsBox/corpora/Climate_Change/OBS_2011-11-20009249.txt,.txt,3940,auxiliary-validation,reference-corpora
LancsBox/corpora/Climate_Change/OBS_2011-11-20009250.txt,.txt,1354,auxiliary-validation,reference-corpora
LancsBox/corpora/Climate_Change/OBS_2011-11-20009251.txt,.txt,14082,auxiliary-validation,reference-corpora
LancsBox/corpora/Climate_Change/OBS_2011-11-20009252.txt,.txt,2935,auxiliary-validation,reference-corpora
LancsBox/corpora/Climate_Change/OBS_2011-11-20009253.txt,.txt,3940,auxiliary-validation,reference-corpora
LancsBox/corpora/Climate_Change/OBS_2011-11-20009254.txt,.txt,1354,auxiliary-validation,reference-corpora
LancsBox/corpora/Climate_Change/OBS_2011-11-20009255.txt,.txt,9408,auxiliary-validation,reference-corpora
LancsBox/corpora/Climate_Change/OBS_2011-11-20009256.txt,.txt,2910,auxiliary-validation,reference-corpora
LancsBox/corpora/Climate_Change/OBS_2011-11-20009257.txt,.txt,7160,auxiliary-validation,reference-corpora
LancsBox/corpora/Climate_Change/OBS_2011-12-04010175.txt,.txt,11492,auxiliary-validation,reference-corpora
LancsBox/corpora/Climate_Change/OBS_2011-12-04010176.txt,.txt,2027,auxiliary-validation,reference-corpora
LancsBox/corpora/Climate_Change/OBS_2011-12-04010177.txt,.txt,4818,auxiliary-validation,reference-corpora
LancsBox/corpora/Climate_Change/OBS_2011-12-04010178.txt,.txt,3179,auxiliary-validation,reference-corpora
LancsBox/corpora/Climate_Change/SCM_2011-01-01000310.txt,.txt,12630,auxiliary-validation,reference-corpora
LancsBox/corpora/Climate_Change/SCM_2011-01-03000305.txt,.txt,1506,auxiliary-validation,reference-corpora
LancsBox/corpora/Climate_Change/SCM_2011-01-04000303.txt,.txt,1233,auxiliary-validation,reference-corpora
LancsBox/corpora/Climate_Change/SCM_2011-01-13000292.txt,.txt,1420,auxiliary-validation,reference-corpora
LancsBox/corpora/Climate_Change/SCM_2011-01-14000290.txt,.txt,1785,auxiliary-validation,reference-corpora
LancsBox/corpora/Climate_Change/SCM_2011-01-15000289.txt,.txt,3761,auxiliary-validation,reference-corpora
LancsBox/corpora/Climate_Change/SCM_2011-02-17000242.txt,.txt,682,auxiliary-validation,reference-corpora
LancsBox/corpora/Climate_Change/SCM_2011-02-17000243.txt,.txt,2429,auxiliary-validation,reference-corpora
LancsBox/corpora/Climate_Change/SCM_2011-02-18000240.txt,.txt,1135,auxiliary-validation,reference-corpora
LancsBox/corpora/Climate_Change/SCM_2011-02-18000241.txt,.txt,680,auxiliary-validation,reference-corpora
LancsBox/corpora/Climate_Change/SCM_2011-02-19000239.txt,.txt,827,auxiliary-validation,reference-corpora
LancsBox/corpora/Climate_Change/SCM_2011-02-21000236.txt,.txt,1399,auxiliary-validation,reference-corpora
LancsBox/corpora/Climate_Change/SCM_2011-02-22000234.txt,.txt,1743,auxiliary-validation,reference-corpora
LancsBox/corpora/Climate_Change/SCM_2011-02-22000235.txt,.txt,3752,auxiliary-validation,reference-corpora
LancsBox/corpora/Climate_Change/SCM_2011-03-18000203.txt,.txt,961,auxiliary-validation,reference-corpora
LancsBox/corpora/Climate_Change/SCM_2011-03-19000201.txt,.txt,709,auxiliary-validation,reference-corpora
LancsBox/corpora/Climate_Change/SCM_2011-03-21000198.txt,.txt,1064,auxiliary-validation,reference-corpora
LancsBox/corpora/Climate_Change/SCM_2011-03-22000190.txt,.txt,4375,auxiliary-validation,reference-corpora
LancsBox/corpora/Climate_Change/SCM_2011-03-22000191.txt,.txt,1286,auxiliary-validation,reference-corpora
LancsBox/corpora/Climate_Change/SCM_2011-03-22000192.txt,.txt,2501,auxiliary-validation,reference-corpora
LancsBox/corpora/Climate_Change/SCM_2011-03-31000167.txt,.txt,1338,auxiliary-validation,reference-corpora
LancsBox/corpora/Climate_Change/SCM_2011-03-31000168.txt,.txt,2843,auxiliary-validation,reference-corpora
LancsBox/corpora/Climate_Change/SCM_2011-04-01000164.txt,.txt,3390,auxiliary-validation,reference-corpora
LancsBox/corpora/Climate_Change/SCM_2011-04-01000165.txt,.txt,1177,auxiliary-validation,reference-corpora
LancsBox/corpora/Climate_Change/SCM_2011-04-02000161.txt,.txt,1128,auxiliary-validation,reference-corpora
LancsBox/corpora/Climate_Change/SCM_2011-04-02000162.txt,.txt,1128,auxiliary-validation,reference-corpora
LancsBox/corpora/Climate_Change/SCM_2011-04-02000163.txt,.txt,947,auxiliary-validation,reference-corpora
LancsBox/corpora/Climate_Change/SCM_2011-04-04000158.txt,.txt,4089,auxiliary-validation,reference-corpora
LancsBox/corpora/Climate_Change/SCM_2011-04-06000157.txt,.txt,1162,auxiliary-validation,reference-corpora
LancsBox/corpora/Climate_Change/SCM_2011-04-07000156.txt,.txt,1440,auxiliary-validation,reference-corpora
LancsBox/corpora/Climate_Change/SCM_2011-04-08000155.txt,.txt,3912,auxiliary-validation,reference-corpora
LancsBox/corpora/Climate_Change/SCM_2011-04-09000154.txt,.txt,1162,auxiliary-validation,reference-corpora
LancsBox/corpora/Climate_Change/SCM_2011-05-03000109.txt,.txt,4183,auxiliary-validation,reference-corpora
LancsBox/corpora/Climate_Change/SCM_2011-05-04000106.txt,.txt,10856,auxiliary-validation,reference-corpora
LancsBox/corpora/Climate_Change/SCM_2011-05-04000107.txt,.txt,1906,auxiliary-validation,reference-corpora
LancsBox/corpora/Climate_Change/SCM_2011-05-05000104.txt,.txt,1256,auxiliary-validation,reference-corpora
LancsBox/corpora/Climate_Change/SCM_2011-05-05000105.txt,.txt,1270,auxiliary-validation,reference-corpora
LancsBox/corpora/Climate_Change/SCM_2011-05-06000101.txt,.txt,7916,auxiliary-validation,reference-corpora
LancsBox/corpora/Climate_Change/SCM_2011-05-06000102.txt,.txt,5808,auxiliary-validation,reference-corpora
LancsBox/corpora/Climate_Change/SCM_2011-05-06000103.txt,.txt,5795,auxiliary-validation,reference-corpora
LancsBox/corpora/Climate_Change/SCM_2011-05-07000099.txt,.txt,251,auxiliary-validation,reference-corpora
LancsBox/corpora/Climate_Change/SCM_2011-05-25000063.txt,.txt,794,auxiliary-validation,reference-corpora
LancsBox/corpora/Climate_Change/SCM_2011-05-26000061.txt,.txt,1574,auxiliary-validation,reference-corpora
LancsBox/corpora/Climate_Change/SCM_2011-05-26000062.txt,.txt,1019,auxiliary-validation,reference-corpora
LancsBox/corpora/Climate_Change/SCM_2011-05-30000059.txt,.txt,9729,auxiliary-validation,reference-corpora
LancsBox/corpora/Climate_Change/SCM_2011-05-31000057.txt,.txt,3030,auxiliary-validation,reference-corpora
LancsBox/corpora/Climate_Change/SCM_2011-05-31000058.txt,.txt,3759,auxiliary-validation,reference-corpora
LancsBox/corpora/Climate_Change/SCM_2011-06-15000027.txt,.txt,642,auxiliary-validation,reference-corpora
LancsBox/corpora/Climate_Change/SCM_2011-06-15000028.txt,.txt,4260,auxiliary-validation,reference-corpora
LancsBox/corpora/Climate_Change/SCM_2011-06-16000026.txt,.txt,1262,auxiliary-validation,reference-corpora
LancsBox/corpora/Climate_Change/SCM_2011-06-17000023.txt,.txt,3291,auxiliary-validation,reference-corpora
LancsBox/corpora/Climate_Change/SCM_2011-07-16000615.txt,.txt,3731,auxiliary-validation,reference-corpora
LancsBox/corpora/Climate_Change/SCM_2011-07-16000616.txt,.txt,861,auxiliary-validation,reference-corpora
LancsBox/corpora/Climate_Change/SCM_2011-07-21000608.txt,.txt,1409,auxiliary-validation,reference-corpora
LancsBox/corpora/Climate_Change/SCM_2011-07-21000609.txt,.txt,1338,auxiliary-validation,reference-corpora
LancsBox/corpora/Climate_Change/SCM_2011-07-22000607.txt,.txt,1096,auxiliary-validation,reference-corpora
LancsBox/corpora/Climate_Change/SCM_2011-07-23000606.txt,.txt,2292,auxiliary-validation,reference-corpora
LancsBox/corpora/Climate_Change/SCM_2011-07-26000602.txt,.txt,1283,auxiliary-validation,reference-corpora
LancsBox/corpora/Climate_Change/SCM_2011-08-02000594.txt,.txt,923,auxiliary-validation,reference-corpora
LancsBox/corpora/Climate_Change/SCM_2011-08-02000595.txt,.txt,726,auxiliary-validation,reference-corpora
LancsBox/corpora/Climate_Change/SCM_2011-08-02000596.txt,.txt,1409,auxiliary-validation,reference-corpora
LancsBox/corpora/Climate_Change/SCM_2011-08-03000593.txt,.txt,892,auxiliary-validation,reference-corpora
LancsBox/corpora/Climate_Change/SCM_2011-08-05000591.txt,.txt,1801,auxiliary-validation,reference-corpora
LancsBox/corpora/Climate_Change/SCM_2011-08-05000592.txt,.txt,1801,auxiliary-validation,reference-corpora
LancsBox/corpora/Climate_Change/SCM_2011-08-06000590.txt,.txt,1207,auxiliary-validation,reference-corpora
LancsBox/corpora/Climate_Change/SCM_2011-08-08000585.txt,.txt,5406,auxiliary-validation,reference-corpora
LancsBox/corpora/Climate_Change/SCM_2011-08-10000584.txt,.txt,1509,auxiliary-validation,reference-corpora
LancsBox/corpora/Climate_Change/SCM_2011-08-11000583.txt,.txt,1245,auxiliary-validation,reference-corpora
LancsBox/corpora/Climate_Change/SCM_2011-08-12000580.txt,.txt,2945,auxiliary-validation,reference-corpora
LancsBox/corpora/Climate_Change/SCM_2011-08-12000581.txt,.txt,3074,auxiliary-validation,reference-corpora
LancsBox/corpora/Climate_Change/SCM_2011-09-27000504.txt,.txt,6128,auxiliary-validation,reference-corpora
LancsBox/corpora/Climate_Change/SCM_2011-09-27000505.txt,.txt,1687,auxiliary-validation,reference-corpora
LancsBox/corpora/Climate_Change/SCM_2011-09-27000506.txt,.txt,1398,auxiliary-validation,reference-corpora
LancsBox/corpora/Climate_Change/SCM_2011-09-27000507.txt,.txt,1424,auxiliary-validation,reference-corpora
LancsBox/corpora/Climate_Change/SCM_2011-10-06000486.txt,.txt,2506,auxiliary-validation,reference-corpora
LancsBox/corpora/Climate_Change/SCM_2011-10-07000485.txt,.txt,581,auxiliary-validation,reference-corpora
LancsBox/corpora/Climate_Change/SCM_2011-10-18000464.txt,.txt,3721,auxiliary-validation,reference-corpora
LancsBox/corpora/Climate_Change/SCM_2011-10-19000459.txt,.txt,1430,auxiliary-validation,reference-corpora
LancsBox/corpora/Climate_Change/SCM_2011-10-19000460.txt,.txt,4940,auxiliary-validation,reference-corpora
LancsBox/corpora/Climate_Change/SCM_2011-10-19000461.txt,.txt,640,auxiliary-validation,reference-corpora
LancsBox/corpora/Climate_Change/SCM_2011-10-20000455.txt,.txt,4427,auxiliary-validation,reference-corpora
LancsBox/corpora/Climate_Change/SCM_2011-10-20000457.txt,.txt,1235,auxiliary-validation,reference-corpora
LancsBox/corpora/Climate_Change/SCM_2011-10-20000458.txt,.txt,1232,auxiliary-validation,reference-corpora
LancsBox/corpora/Climate_Change/SCM_2011-10-21000453.txt,.txt,950,auxiliary-validation,reference-corpora
LancsBox/corpora/Climate_Change/SCM_2011-10-21000454.txt,.txt,927,auxiliary-validation,reference-corpora
LancsBox/corpora/Climate_Change/SCM_2011-11-11000413.txt,.txt,1243,auxiliary-validation,reference-corpora
LancsBox/corpora/Climate_Change/SCM_2011-11-11000414.txt,.txt,7755,auxiliary-validation,reference-corpora
LancsBox/corpora/Climate_Change/SCM_2011-11-12000403.txt,.txt,908,auxiliary-validation,reference-corpora
LancsBox/corpora/Climate_Change/SCM_2011-11-12000404.txt,.txt,1382,auxiliary-validation,reference-corpora
LancsBox/corpora/Climate_Change/SCM_2011-11-12000405.txt,.txt,2433,auxiliary-validation,reference-corpora
LancsBox/corpora/Climate_Change/SCM_2011-11-12000406.txt,.txt,2433,auxiliary-validation,reference-corpora
LancsBox/corpora/Climate_Change/SCM_2011-12-14000342.txt,.txt,1116,auxiliary-validation,reference-corpora
LancsBox/corpora/Climate_Change/SCM_2011-12-14000343.txt,.txt,1100,auxiliary-validation,reference-corpora
LancsBox/corpora/Climate_Change/SCM_2011-12-15000334.txt,.txt,1305,auxiliary-validation,reference-corpora
LancsBox/corpora/Climate_Change/SCM_2011-12-15000335.txt,.txt,88,auxiliary-validation,reference-corpora
LancsBox/corpora/Climate_Change/SCS_2011-01-02000306.txt,.txt,1180,auxiliary-validation,reference-corpora
LancsBox/corpora/Climate_Change/SCS_2011-01-23000276.txt,.txt,1837,auxiliary-validation,reference-corpora
LancsBox/corpora/Climate_Change/SCS_2011-01-23000277.txt,.txt,2378,auxiliary-validation,reference-corpora
LancsBox/corpora/Climate_Change/SCS_2011-01-23000278.txt,.txt,733,auxiliary-validation,reference-corpora
LancsBox/corpora/Climate_Change/SCS_2011-01-30000266.txt,.txt,2003,auxiliary-validation,reference-corpora
LancsBox/corpora/Climate_Change/SCS_2011-04-03000160.txt,.txt,2987,auxiliary-validation,reference-corpora
LancsBox/corpora/Climate_Change/SCS_2011-04-10000153.txt,.txt,1543,auxiliary-validation,reference-corpora
LancsBox/corpora/Climate_Change/SCS_2011-04-17000139.txt,.txt,1320,auxiliary-validation,reference-corpora
LancsBox/corpora/Climate_Change/SCS_2011-04-17000140.txt,.txt,3662,auxiliary-validation,reference-corpora
LancsBox/corpora/Climate_Change/SCS_2011-05-01000112.txt,.txt,1018,auxiliary-validation,reference-corpora
LancsBox/corpora/Climate_Change/SCS_2011-05-01000113.txt,.txt,1295,auxiliary-validation,reference-corpora
LancsBox/corpora/Climate_Change/SCS_2011-07-03000629.txt,.txt,828,auxiliary-validation,reference-corpora
LancsBox/corpora/Climate_Change/SCS_2011-07-10000621.txt,.txt,4592,auxiliary-validation,reference-corpora
LancsBox/corpora/Climate_Change/SCS_2011-07-10000622.txt,.txt,1219,auxiliary-validation,reference-corpora
LancsBox/corpora/Climate_Change/SCS_2011-08-07000587.txt,.txt,1398,auxiliary-validation,reference-corpora
LancsBox/corpora/Climate_Change/SCS_2011-08-07000588.txt,.txt,80,auxiliary-validation,reference-corpora
LancsBox/corpora/Climate_Change/SCS_2011-08-07000589.txt,.txt,4360,auxiliary-validation,reference-corpora
LancsBox/corpora/Climate_Change/SCS_2011-08-14000576.txt,.txt,4065,auxiliary-validation,reference-corpora
LancsBox/corpora/Climate_Change/SCS_2011-08-14000577.txt,.txt,609,auxiliary-validation,reference-corpora
LancsBox/corpora/Climate_Change/SCS_2011-09-11000540.txt,.txt,3304,auxiliary-validation,reference-corpora
LancsBox/corpora/Climate_Change/SCS_2011-09-18000526.txt,.txt,4306,auxiliary-validation,reference-corpora
LancsBox/corpora/Climate_Change/SCS_2011-10-23000451.txt,.txt,1946,auxiliary-validation,reference-corpora
LancsBox/corpora/Climate_Change/SCS_2011-10-30000438.txt,.txt,870,auxiliary-validation,reference-corpora
LancsBox/corpora/Climate_Change/SCS_2011-10-30000439.txt,.txt,11528,auxiliary-validation,reference-corpora
LancsBox/corpora/Climate_Change/SCS_2011-10-30000440.txt,.txt,1881,auxiliary-validation,reference-corpora
LancsBox/corpora/Climate_Change/SCS_2011-10-30000441.txt,.txt,958,auxiliary-validation,reference-corpora
LancsBox/corpora/Climate_Change/SCS_2011-11-13000401.txt,.txt,3228,auxiliary-validation,reference-corpora
LancsBox/corpora/Climate_Change/SCS_2011-11-13000402.txt,.txt,561,auxiliary-validation,reference-corpora
LancsBox/corpora/Climate_Change/SCS_2011-11-20000391.txt,.txt,2936,auxiliary-validation,reference-corpora
LancsBox/corpora/Climate_Change/SCS_2011-11-20000392.txt,.txt,1325,auxiliary-validation,reference-corpora
LancsBox/corpora/Climate_Change/TGS_2011-01-16000475.txt,.txt,4369,auxiliary-validation,reference-corpora
LancsBox/corpora/Climate_Change/TGS_2011-01-16000476.txt,.txt,3170,auxiliary-validation,reference-corpora
LancsBox/corpora/Climate_Change/TGS_2011-01-16000477.txt,.txt,262,auxiliary-validation,reference-corpora
LancsBox/corpora/Climate_Change/TGS_2011-01-16000478.txt,.txt,812,auxiliary-validation,reference-corpora
LancsBox/corpora/Climate_Change/TGS_2011-01-30000038.txt,.txt,3293,auxiliary-validation,reference-corpora
LancsBox/corpora/Climate_Change/TGS_2011-03-20002153.txt,.txt,1563,auxiliary-validation,reference-corpora
LancsBox/corpora/Climate_Change/TGS_2011-03-20002154.txt,.txt,1968,auxiliary-validation,reference-corpora
LancsBox/corpora/Climate_Change/TGS_2011-03-20002155.txt,.txt,6604,auxiliary-validation,reference-corpora
LancsBox/corpora/Climate_Change/TGS_2011-03-20002156.txt,.txt,1563,auxiliary-validation,reference-corpora
LancsBox/corpora/Climate_Change/TGS_2011-03-20002157.txt,.txt,1968,auxiliary-validation,reference-corpora
LancsBox/corpora/Climate_Change/TGS_2011-03-20002158.txt,.txt,18343,auxiliary-validation,reference-corpora
LancsBox/corpora/Climate_Change/TGS_2011-05-01004291.txt,.txt,4660,auxiliary-validation,reference-corpora
LancsBox/corpora/Climate_Change/TGS_2011-05-08004098.txt,.txt,1445,auxiliary-validation,reference-corpora
LancsBox/corpora/Climate_Change/TGS_2011-05-08004099.txt,.txt,556,auxiliary-validation,reference-corpora
LancsBox/corpora/Climate_Change/TGS_2011-05-08004100.txt,.txt,11501,auxiliary-validation,reference-corpora
LancsBox/corpora/Climate_Change/TGS_2011-06-12004878.txt,.txt,529,auxiliary-validation,reference-corpora
LancsBox/corpora/Climate_Change/TGS_2011-06-12004879.txt,.txt,7461,auxiliary-validation,reference-corpora
LancsBox/corpora/Climate_Change/TGS_2011-06-12004880.txt,.txt,6002,auxiliary-validation,reference-corpora
LancsBox/corpora/Climate_Change/TGS_2011-06-12004881.txt,.txt,1807,auxiliary-validation,reference-corpora
LancsBox/corpora/Climate_Change/TGS_2011-06-19004646.txt,.txt,1617,auxiliary-validation,reference-corpora
LancsBox/corpora/Climate_Change/TGS_2011-06-19004647.txt,.txt,4665,auxiliary-validation,reference-corpora
LancsBox/corpora/Climate_Change/TGS_2011-07-17005609.txt,.txt,1980,auxiliary-validation,reference-corpora
LancsBox/corpora/Climate_Change/TGS_2011-07-17005610.txt,.txt,412,auxiliary-validation,reference-corpora
LancsBox/corpora/Climate_Change/TGS_2011-07-17005611.txt,.txt,5753,auxiliary-validation,reference-corpora
LancsBox/corpora/Climate_Change/TGS_2011-10-09008131.txt,.txt,1696,auxiliary-validation,reference-corpora
LancsBox/corpora/Climate_Change/TGS_2011-10-09008132.txt,.txt,842,auxiliary-validation,reference-corpora
LancsBox/corpora/Climate_Change/TGS_2011-10-09008133.txt,.txt,1637,auxiliary-validation,reference-corpora
LancsBox/corpora/Climate_Change/TGS_2011-10-16007932.txt,.txt,65,auxiliary-validation,reference-corpora
LancsBox/corpora/Climate_Change/TGS_2011-10-16007933.txt,.txt,2380,auxiliary-validation,reference-corpora
LancsBox/corpora/Climate_Change/TGS_2011-10-16007934.txt,.txt,684,auxiliary-validation,reference-corpora
LancsBox/corpora/Climate_Change/TGS_2011-11-27008512.txt,.txt,6331,auxiliary-validation,reference-corpora
LancsBox/corpora/Climate_Change/TGS_2011-11-27008513.txt,.txt,642,auxiliary-validation,reference-corpora
LancsBox/corpora/Climate_Change/TGS_2011-11-27008514.txt,.txt,1763,auxiliary-validation,reference-corpora
LancsBox/corpora/Climate_Change/TGS_2011-11-27008515.txt,.txt,5621,auxiliary-validation,reference-corpora
LancsBox/corpora/Climate_Change/TGS_2011-11-27008516.txt,.txt,1201,auxiliary-validation,reference-corpora
LancsBox/corpora/Climate_Change/TGS_2011-11-27008517.txt,.txt,1198,auxiliary-validation,reference-corpora
LancsBox/corpora/Climate_Change/TGS_2011-11-27008518.txt,.txt,1894,auxiliary-validation,reference-corpora
LancsBox/corpora/Climate_Change/TGS_2011-11-27008519.txt,.txt,2624,auxiliary-validation,reference-corpora
LancsBox/corpora/Climate_Change/TGS_2011-11-27009011.txt,.txt,4473,auxiliary-validation,reference-corpora
LancsBox/corpora/Climate_Change/TGS_2011-11-27009012.txt,.txt,6331,auxiliary-validation,reference-corpora
LancsBox/corpora/Climate_Change/TGS_2011-11-27009013.txt,.txt,642,auxiliary-validation,reference-corpora
LancsBox/corpora/Climate_Change/TGS_2011-11-27009014.txt,.txt,1763,auxiliary-validation,reference-corpora
LancsBox/corpora/Climate_Change/TIM_2011-02-05001609.txt,.txt,1216,auxiliary-validation,reference-corpora
LancsBox/corpora/Climate_Change/TIM_2011-02-05001610.txt,.txt,1824,auxiliary-validation,reference-corpora
LancsBox/corpora/Climate_Change/TIM_2011-02-05001611.txt,.txt,6565,auxiliary-validation,reference-corpora
LancsBox/corpora/Climate_Change/TIM_2011-02-08001481.txt,.txt,2785,auxiliary-validation,reference-corpora
LancsBox/corpora/Climate_Change/TIM_2011-02-08001482.txt,.txt,749,auxiliary-validation,reference-corpora
LancsBox/corpora/Climate_Change/TIM_2011-02-08001483.txt,.txt,2730,auxiliary-validation,reference-corpora
LancsBox/corpora/Climate_Change/TIM_2011-02-12001400.txt,.txt,321,auxiliary-validation,reference-corpora
LancsBox/corpora/Climate_Change/TIM_2011-02-12001401_SC.txt,.txt,1236,auxiliary-validation,reference-corpora
LancsBox/corpora/Climate_Change/TIM_2011-02-12001402.txt,.txt,2850,auxiliary-validation,reference-corpora
LancsBox/corpora/Climate_Change/TIM_2011-02-14001328.txt,.txt,1284,auxiliary-validation,reference-corpora
LancsBox/corpora/Climate_Change/TIM_2011-02-14001329.txt,.txt,612,auxiliary-validation,reference-corpora
LancsBox/corpora/Climate_Change/TIM_2011-02-14001330.txt,.txt,1873,auxiliary-validation,reference-corpora
LancsBox/corpora/Climate_Change/TIM_2011-02-14001331_SC.txt,.txt,619,auxiliary-validation,reference-corpora
LancsBox/corpora/Climate_Change/TIM_2011-02-14001332.txt,.txt,1873,auxiliary-validation,reference-corpora
LancsBox/corpora/Climate_Change/TIM_2011-02-26001051.txt,.txt,10539,auxiliary-validation,reference-corpora
LancsBox/corpora/Climate_Change/TIM_2011-02-28000985.txt,.txt,7075,auxiliary-validation,reference-corpora
LancsBox/corpora/Climate_Change/TIM_2011-02-28000986.txt,.txt,4639,auxiliary-validation,reference-corpora
LancsBox/corpora/Climate_Change/TIM_2011-04-07003258.txt,.txt,706,auxiliary-validation,reference-corpora
LancsBox/corpora/Climate_Change/TIM_2011-04-07003259_SC.txt,.txt,1820,auxiliary-validation,reference-corpora
LancsBox/corpora/Climate_Change/TIM_2011-04-07003260_SC.txt,.txt,4186,auxiliary-validation,reference-corpora
LancsBox/corpora/Climate_Change/TIM_2011-05-06004186_SC.txt,.txt,1266,auxiliary-validation,reference-corpora
LancsBox/corpora/Climate_Change/TIM_2011-05-06004187_SC.txt,.txt,1977,auxiliary-validation,reference-corpora
LancsBox/corpora/Climate_Change/TIM_2011-05-07004159.txt,.txt,1899,auxiliary-validation,reference-corpora
LancsBox/corpora/Climate_Change/TIM_2011-05-07004160.txt,.txt,10573,auxiliary-validation,reference-corpora
LancsBox/corpora/Climate_Change/TIM_2011-05-07004161.txt,.txt,1019,auxiliary-validation,reference-corpora
LancsBox/corpora/Climate_Change/TIM_2011-05-07004162.txt,.txt,1887,auxiliary-validation,reference-corpora
LancsBox/corpora/Climate_Change/TIM_2011-05-07004163.txt,.txt,935,auxiliary-validation,reference-corpora
LancsBox/corpora/Climate_Change/TIM_2011-05-07004164.txt,.txt,14,auxiliary-validation,reference-corpora
LancsBox/corpora/Climate_Change/TIM_2011-05-07004165.txt,.txt,935,auxiliary-validation,reference-corpora
LancsBox/corpora/Climate_Change/TIM_2011-05-07004166_SC.txt,.txt,643,auxiliary-validation,reference-corpora
LancsBox/corpora/Climate_Change/TIM_2011-05-09004068.txt,.txt,769,auxiliary-validation,reference-corpora
LancsBox/corpora/Climate_Change/TIM_2011-05-09004069.txt,.txt,357,auxiliary-validation,reference-corpora
LancsBox/corpora/Climate_Change/TIM_2011-05-09004070.txt,.txt,1859,auxiliary-validation,reference-corpora
LancsBox/corpora/Climate_Change/TIM_2011-05-09004071.txt,.txt,519,auxiliary-validation,reference-corpora
LancsBox/corpora/Climate_Change/TIM_2011-05-09004073.txt,.txt,3033,auxiliary-validation,reference-corpora
LancsBox/corpora/Climate_Change/TIM_2011-05-10004037.txt,.txt,1057,auxiliary-validation,reference-corpora
LancsBox/corpora/Climate_Change/TIM_2011-05-10004038.txt,.txt,1553,auxiliary-validation,reference-corpora
LancsBox/corpora/Climate_Change/TIM_2011-05-10004039.txt,.txt,1554,auxiliary-validation,reference-corpora
LancsBox/corpora/Climate_Change/TIM_2011-05-10004040_SC.txt,.txt,668,auxiliary-validation,reference-corpora
LancsBox/corpora/Climate_Change/TIM_2011-05-16003852_NI.txt,.txt,195,auxiliary-validation,reference-corpora
LancsBox/corpora/Climate_Change/TIM_2011-05-16003853.txt,.txt,1396,auxiliary-validation,reference-corpora
LancsBox/corpora/Climate_Change/TIM_2011-05-16003854_SC.txt,.txt,1391,auxiliary-validation,reference-corpora
LancsBox/corpora/Climate_Change/TIM_2011-05-17003819.txt,.txt,392,auxiliary-validation,reference-corpora
LancsBox/corpora/Climate_Change/TIM_2011-05-18003791.txt,.txt,2760,auxiliary-validation,reference-corpora
LancsBox/corpora/Climate_Change/TIM_2011-05-18003792.txt,.txt,969,auxiliary-validation,reference-corpora
LancsBox/corpora/Climate_Change/TIM_2011-05-18003793.txt,.txt,3612,auxiliary-validation,reference-corpora
LancsBox/corpora/Climate_Change/TIM_2011-05-26003574_SC.txt,.txt,656,auxiliary-validation,reference-corpora
LancsBox/corpora/Climate_Change/TIM_2011-05-27003555.txt,.txt,1356,auxiliary-validation,reference-corpora
LancsBox/corpora/Climate_Change/TIM_2011-05-27003556.txt,.txt,1348,auxiliary-validation,reference-corpora
LancsBox/corpora/Climate_Change/TIM_2011-05-27003557.txt,.txt,1956,auxiliary-validation,reference-corpora
LancsBox/corpora/Climate_Change/TIM_2011-06-02005225.txt,.txt,1228,auxiliary-validation,reference-corpora
LancsBox/corpora/Climate_Change/TIM_2011-06-02005226.txt,.txt,293,auxiliary-validation,reference-corpora
LancsBox/corpora/Climate_Change/TIM_2011-06-02005227.txt,.txt,1007,auxiliary-validation,reference-corpora
LancsBox/corpora/Climate_Change/TIM_2011-06-02005228_SC.txt,.txt,1757,auxiliary-validation,reference-corpora
LancsBox/corpora/Climate_Change/TIM_2011-10-17007903.txt,.txt,1407,auxiliary-validation,reference-corpora
LancsBox/corpora/Climate_Change/TIM_2011-10-17007904_SC.txt,.txt,1018,auxiliary-validation,reference-corpora
LancsBox/corpora/Climate_Change/TIM_2011-10-17007905_SC.txt,.txt,3919,auxiliary-validation,reference-corpora
LancsBox/corpora/Climate_Change/TIM_2011-10-17007906_SC.txt,.txt,808,auxiliary-validation,reference-corpora
LancsBox/corpora/Climate_Change/TIM_2011-10-18007862.txt,.txt,1346,auxiliary-validation,reference-corpora
LancsBox/corpora/Climate_Change/TIM_2011-10-19007826.txt,.txt,254,auxiliary-validation,reference-corpora
LancsBox/corpora/Climate_Change/TIM_2011-10-27007606.txt,.txt,164,auxiliary-validation,reference-corpora
LancsBox/corpora/Climate_Change/TIM_2011-10-27007607.txt,.txt,420,auxiliary-validation,reference-corpora
LancsBox/corpora/Climate_Change/TIM_2011-10-27007608.txt,.txt,1060,auxiliary-validation,reference-corpora
LancsBox/corpora/Climate_Change/TIM_2011-10-28007582.txt,.txt,3056,auxiliary-validation,reference-corpora
LancsBox/corpora/Climate_Change/TIM_2011-10-28007583.txt,.txt,539,auxiliary-validation,reference-corpora
LancsBox/corpora/Climate_Change/TIM_2011-10-29007557.txt,.txt,7602,auxiliary-validation,reference-corpora
LancsBox/corpora/Climate_Change/TIM_2011-10-29007558.txt,.txt,1819,auxiliary-validation,reference-corpora
LancsBox/corpora/Climate_Change/TIM_2011-11-18008853_SC.txt,.txt,743,auxiliary-validation,reference-corpora
LancsBox/corpora/Climate_Change/TIM_2011-11-18009348.txt,.txt,3998,auxiliary-validation,reference-corpora
LancsBox/corpora/Climate_Change/TIM_2011-11-18009349.txt,.txt,1930,auxiliary-validation,reference-corpora
LancsBox/corpora/Climate_Change/TIM_2011-11-18009350.txt,.txt,1242,auxiliary-validation,reference-corpora
LancsBox/corpora/Climate_Change/TIM_2011-11-18009351.txt,.txt,2099,auxiliary-validation,reference-corpora
LancsBox/corpora/Climate_Change/TIM_2011-11-18009352.txt,.txt,1747,auxiliary-validation,reference-corpora
LancsBox/corpora/Climate_Change/TIM_2011-11-18009353_SC.txt,.txt,743,auxiliary-validation,reference-corpora
LancsBox/corpora/Climate_Change/TIM_2011-11-19008818.txt,.txt,6679,auxiliary-validation,reference-corpora
LancsBox/corpora/Climate_Change/TIM_2011-11-19008819.txt,.txt,891,auxiliary-validation,reference-corpora
LancsBox/corpora/Climate_Change/TIM_2011-11-19008820.txt,.txt,4587,auxiliary-validation,reference-corpora
LancsBox/corpora/Climate_Change/TIM_2011-11-19008821.txt,.txt,904,auxiliary-validation,reference-corpora
LancsBox/corpora/Climate_Change/TIM_2011-11-19008822.txt,.txt,904,auxiliary-validation,reference-corpora
LancsBox/corpora/Climate_Change/TIM_2011-11-19009318.txt,.txt,6679,auxiliary-validation,reference-corpora
LancsBox/corpora/Climate_Change/TIM_2011-11-19009319.txt,.txt,891,auxiliary-validation,reference-corpora
LancsBox/corpora/Climate_Change/TIM_2011-11-19009320.txt,.txt,4587,auxiliary-validation,reference-corpora
LancsBox/corpora/Climate_Change/TIM_2011-11-19009321.txt,.txt,904,auxiliary-validation,reference-corpora
LancsBox/corpora/Climate_Change/TIM_2011-11-19009322.txt,.txt,904,auxiliary-validation,reference-corpora
LancsBox/corpora/Climate_Change/TIM_2011-11-21008740.txt,.txt,2021,auxiliary-validation,reference-corpora
LancsBox/corpora/Climate_Change/TIM_2011-11-21008741.txt,.txt,376,auxiliary-validation,reference-corpora
LancsBox/corpora/Climate_Change/TIM_2011-11-21008742.txt,.txt,785,auxiliary-validation,reference-corpora
LancsBox/corpora/Climate_Change/TIM_2011-11-21009240.txt,.txt,2021,auxiliary-validation,reference-corpora
LancsBox/corpora/Climate_Change/TIM_2011-11-21009241.txt,.txt,376,auxiliary-validation,reference-corpora
LancsBox/corpora/Climate_Change/TIM_2011-11-21009242.txt,.txt,785,auxiliary-validation,reference-corpora
LancsBox/corpora/Climate_Change/TIM_2011-11-22008711.txt,.txt,1080,auxiliary-validation,reference-corpora
LancsBox/corpora/Climate_Change/TIM_2011-11-22008712.txt,.txt,1726,auxiliary-validation,reference-corpora
LancsBox/corpora/Climate_Change/TIM_2011-11-22008713.txt,.txt,1155,auxiliary-validation,reference-corpora
LancsBox/corpora/Climate_Change/TIM_2011-11-22008714_SC.txt,.txt,1601,auxiliary-validation,reference-corpora
LancsBox/corpora/Climate_Change/TIM_2011-11-22009211.txt,.txt,1080,auxiliary-validation,reference-corpora
LancsBox/corpora/Climate_Change/TIM_2011-11-22009212.txt,.txt,1726,auxiliary-validation,reference-corpora
LancsBox/corpora/Climate_Change/TIM_2011-11-22009213.txt,.txt,1155,auxiliary-validation,reference-corpora
LancsBox/corpora/Climate_Change/TIM_2011-11-22009214_SC.txt,.txt,1601,auxiliary-validation,reference-corpora
LancsBox/corpora/Climate_Change/TIM_2011-11-23008677.txt,.txt,2091,auxiliary-validation,reference-corpora
LancsBox/corpora/Climate_Change/TIM_2011-11-23008678.txt,.txt,1889,auxiliary-validation,reference-corpora
LancsBox/corpora/Climate_Change/TIM_2011-11-23008679.txt,.txt,1765,auxiliary-validation,reference-corpora
LancsBox/corpora/Climate_Change/TIM_2011-11-23008680_SC.txt,.txt,469,auxiliary-validation,reference-corpora
LancsBox/corpora/Climate_Change/TIM_2011-11-23008681_SC.txt,.txt,2184,auxiliary-validation,reference-corpora
LancsBox/corpora/Climate_Change/TIM_2011-11-26008578.txt,.txt,2819,auxiliary-validation,reference-corpora
LancsBox/corpora/Climate_Change/TIM_2011-11-26008579_SC.txt,.txt,1940,auxiliary-validation,reference-corpora
LancsBox/corpora/Climate_Change/TIM_2011-11-26008580_NI.txt,.txt,2818,auxiliary-validation,reference-corpora
LancsBox/corpora/Climate_Change/TIM_2011-11-26009074.txt,.txt,1410,auxiliary-validation,reference-corpora
LancsBox/corpora/Climate_Change/TIM_2011-11-26009075.txt,.txt,397,auxiliary-validation,reference-corpora
LancsBox/corpora/Climate_Change/TIM_2011-11-26009076.txt,.txt,93,auxiliary-validation,reference-corpora
LancsBox/corpora/Climate_Change/TIM_2011-11-26009077.txt,.txt,3310,auxiliary-validation,reference-corpora
LancsBox/corpora/Climate_Change/TIM_2011-11-26009078.txt,.txt,2819,auxiliary-validation,reference-corpora
LancsBox/corpora/Climate_Change/TIM_2011-12-09010006_SC.txt,.txt,808,auxiliary-validation,reference-corpora
LancsBox/corpora/Climate_Change/TIM_2011-12-10009968.txt,.txt,2991,auxiliary-validation,reference-corpora
LancsBox/corpora/Climate_Change/TIM_2011-12-10009969.txt,.txt,2988,auxiliary-validation,reference-corpora
LancsBox/corpora/Climate_Change/TIM_2011-12-10009970_SC.txt,.txt,218,auxiliary-validation,reference-corpora
LancsBox/corpora/Climate_Change/TIM_2011-12-10009971_SC.txt,.txt,714,auxiliary-validation,reference-corpora
LancsBox/corpora/Climate_Change/TIM_2011-12-12009876.txt,.txt,4181,auxiliary-validation,reference-corpora
LancsBox/corpora/Climate_Change/TIM_2011-12-12009877.txt,.txt,1672,auxiliary-validation,reference-corpora
LancsBox/corpora/Climate_Change/TIM_2011-12-12009878.txt,.txt,2538,auxiliary-validation,reference-corpora
LancsBox/corpora/Climate_Change/TIM_2011-12-12009879.txt,.txt,1969,auxiliary-validation,reference-corpora
LancsBox/corpora/Climate_Change/TIM_2011-12-12009880_SC.txt,.txt,202,auxiliary-validation,reference-corpora
LancsBox/corpora/Climate_Change/TIM_2011-12-12009881_SC.txt,.txt,1696,auxiliary-validation,reference-corpora
LancsBox/corpora/Climate_Change/TIM_2011-12-31009439_SC.txt,.txt,839,auxiliary-validation,reference-corpora
LancsBox/corpora/Climate_Change/TLG_2011-01-01000945.txt,.txt,5548,auxiliary-validation,reference-corpora
LancsBox/corpora/Climate_Change/TLG_2011-01-01000946.txt,.txt,7755,auxiliary-validation,reference-corpora
LancsBox/corpora/Climate_Change/TLG_2011-01-01000947.txt,.txt,13694,auxiliary-validation,reference-corpora
LancsBox/corpora/Climate_Change/TLG_2011-01-01000948.txt,.txt,56,auxiliary-validation,reference-corpora
LancsBox/corpora/Climate_Change/TLG_2011-01-01000949.txt,.txt,1797,auxiliary-validation,reference-corpora
LancsBox/corpora/Climate_Change/TLG_2011-01-01000950_SC.txt,.txt,952,auxiliary-validation,reference-corpora
LancsBox/corpora/Climate_Change/TLG_2011-01-01000951_SC.txt,.txt,960,auxiliary-validation,reference-corpora
LancsBox/corpora/Climate_Change/TLG_2011-01-01000952.txt,.txt,8332,auxiliary-validation,reference-corpora
LancsBox/corpora/Climate_Change/TLG_2011-01-03000879.txt,.txt,715,auxiliary-validation,reference-corpora
LancsBox/corpora/Climate_Change/TLG_2011-01-03000880.txt,.txt,1265,auxiliary-validation,reference-corpora
LancsBox/corpora/Climate_Change/TLG_2011-01-03000881_SC.txt,.txt,1119,auxiliary-validation,reference-corpora
LancsBox/corpora/Climate_Change/TLG_2011-01-03000882_SC.txt,.txt,1158,auxiliary-validation,reference-corpora
LancsBox/corpora/Climate_Change/TLG_2011-01-03000883.txt,.txt,1611,auxiliary-validation,reference-corpora
LancsBox/corpora/Climate_Change/TLG_2011-01-03000884_SC.txt,.txt,606,auxiliary-validation,reference-corpora
LancsBox/corpora/Climate_Change/TLG_2011-01-04000831.txt,.txt,5577,auxiliary-validation,reference-corpora
LancsBox/corpora/Climate_Change/TLG_2011-01-04000832.txt,.txt,5138,auxiliary-validation,reference-corpora
LancsBox/corpora/Climate_Change/TLG_2011-01-04000833.txt,.txt,6068,auxiliary-validation,reference-corpora
LancsBox/corpora/Climate_Change/TLG_2011-02-09001449.txt,.txt,1891,auxiliary-validation,reference-corpora
LancsBox/corpora/Climate_Change/TLG_2011-02-10001421.txt,.txt,1189,auxiliary-validation,reference-corpora
LancsBox/corpora/Climate_Change/TLG_2011-02-10001422.txt,.txt,1291,auxiliary-validation,reference-corpora
LancsBox/corpora/Climate_Change/TLG_2011-02-10001423.txt,.txt,6068,auxiliary-validation,reference-corpora
LancsBox/corpora/Climate_Change/TLG_2011-02-10001424.txt,.txt,1683,auxiliary-validation,reference-corpora
LancsBox/corpora/Climate_Change/TLG_2011-02-10001425.txt,.txt,1485,auxiliary-validation,reference-corpora
LancsBox/corpora/Climate_Change/TLG_2011-02-11001405.txt,.txt,912,auxiliary-validation,reference-corpora
LancsBox/corpora/Climate_Change/TLG_2011-06-01005231.txt,.txt,486,auxiliary-validation,reference-corpora
LancsBox/corpora/Climate_Change/TLG_2011-06-02005187.txt,.txt,1380,auxiliary-validation,reference-corpora
LancsBox/corpora/Climate_Change/TLG_2011-06-02005188.txt,.txt,435,auxiliary-validation,reference-corpora
LancsBox/corpora/Climate_Change/TLG_2011-06-02005189.txt,.txt,951,auxiliary-validation,reference-corpora
LancsBox/corpora/Climate_Change/TLG_2011-06-02005190.txt,.txt,473,auxiliary-validation,reference-corpora
LancsBox/corpora/Climate_Change/TLG_2011-06-02005191.txt,.txt,1704,auxiliary-validation,reference-corpora
LancsBox/corpora/Climate_Change/TLG_2011-06-03005168.txt,.txt,280,auxiliary-validation,reference-corpora
LancsBox/corpora/Climate_Change/TLG_2011-06-03005169.txt,.txt,621,auxiliary-validation,reference-corpora
LancsBox/corpora/Climate_Change/TLG_2011-06-04005148.txt,.txt,2716,auxiliary-validation,reference-corpora
LancsBox/corpora/Climate_Change/TLG_2011-06-04005149.txt,.txt,802,auxiliary-validation,reference-corpora
LancsBox/corpora/Climate_Change/TLG_2011-06-04005150.txt,.txt,1478,auxiliary-validation,reference-corpora
LancsBox/corpora/Climate_Change/TLG_2011-06-25004487.txt,.txt,726,auxiliary-validation,reference-corpora
LancsBox/corpora/Climate_Change/TLG_2011-06-25004488.txt,.txt,1521,auxiliary-validation,reference-corpora
LancsBox/corpora/Climate_Change/TLG_2011-06-27004413.txt,.txt,1756,auxiliary-validation,reference-corpora
LancsBox/corpora/Climate_Change/TLG_2011-06-27004414_SC.txt,.txt,901,auxiliary-validation,reference-corpora
LancsBox/corpora/Climate_Change/TLG_2011-07-11005768.txt,.txt,1064,auxiliary-validation,reference-corpora
LancsBox/corpora/Climate_Change/TLG_2011-07-11005769.txt,.txt,1868,auxiliary-validation,reference-corpora
LancsBox/corpora/Climate_Change/TLG_2011-07-12005746.txt,.txt,4951,auxiliary-validation,reference-corpora
LancsBox/corpora/Climate_Change/TLG_2011-07-12005747.txt,.txt,14,auxiliary-validation,reference-corpora
LancsBox/corpora/Climate_Change/TLG_2011-07-12005748.txt,.txt,2072,auxiliary-validation,reference-corpora
LancsBox/corpora/Climate_Change/TLG_2011-08-24006217.txt,.txt,1060,auxiliary-validation,reference-corpora
LancsBox/corpora/Climate_Change/TLG_2011-08-24006218.txt,.txt,1665,auxiliary-validation,reference-corpora
LancsBox/corpora/Climate_Change/TLG_2011-08-24006219.txt,.txt,3536,auxiliary-validation,reference-corpora
LancsBox/corpora/Climate_Change/TLG_2011-08-24006220.txt,.txt,3186,auxiliary-validation,reference-corpora
LancsBox/corpora/Climate_Change/TLG_2011-08-24006221.txt,.txt,4396,auxiliary-validation,reference-corpora
LancsBox/corpora/Climate_Change/TLG_2011-08-24006222.txt,.txt,3516,auxiliary-validation,reference-corpora
LancsBox/corpora/Climate_Change/TLG_2011-08-24006223.txt,.txt,2698,auxiliary-validation,reference-corpora
LancsBox/corpora/Climate_Change/TLG_2011-08-25006207.txt,.txt,6087,auxiliary-validation,reference-corpora
LancsBox/corpora/Climate_Change/TLG_2011-08-27006163.txt,.txt,9261,auxiliary-validation,reference-corpora
LancsBox/corpora/Climate_Change/TLG_2011-08-27006164.txt,.txt,4341,auxiliary-validation,reference-corpora
LancsBox/corpora/Climate_Change/TLG_2011-08-27006165.txt,.txt,1111,auxiliary-validation,reference-corpora
LancsBox/corpora/Climate_Change/TLG_2011-09-03007348.txt,.txt,3125,auxiliary-validation,reference-corpora
LancsBox/corpora/Climate_Change/TLG_2011-09-03007349.txt,.txt,137,auxiliary-validation,reference-corpora
LancsBox/corpora/Climate_Change/TLG_2011-09-03007350.txt,.txt,1629,auxiliary-validation,reference-corpora
LancsBox/corpora/Climate_Change/TLG_2011-09-03007351.txt,.txt,5448,auxiliary-validation,reference-corpora
LancsBox/corpora/Climate_Change/TLG_2011-09-03007352.txt,.txt,574,auxiliary-validation,reference-corpora
LancsBox/corpora/Climate_Change/TLG_2011-09-05007294_SC.txt,.txt,2588,auxiliary-validation,reference-corpora
LancsBox/corpora/Climate_Change/TLG_2011-09-06007281.txt,.txt,5573,auxiliary-validation,reference-corpora
LancsBox/corpora/Climate_Change/TLG_2011-09-07007270.txt,.txt,1243,auxiliary-validation,reference-corpora
LancsBox/corpora/Climate_Change/TLG_2011-09-07007271.txt,.txt,322,auxiliary-validation,reference-corpora
LancsBox/corpora/Climate_Change/TLG_2011-09-08007258.txt,.txt,5773,auxiliary-validation,reference-corpora
LancsBox/corpora/Climate_Change/TLG_2011-09-08007259.txt,.txt,1042,auxiliary-validation,reference-corpora
LancsBox/corpora/Climate_Change/TLG_2011-09-09007243.txt,.txt,548,auxiliary-validation,reference-corpora
LancsBox/corpora/Climate_Change/TLG_2011-09-09007244.txt,.txt,1527,auxiliary-validation,reference-corpora
LancsBox/corpora/Climate_Change/TLG_2011-09-09007245.txt,.txt,1939,auxiliary-validation,reference-corpora
LancsBox/corpora/Climate_Change/TLG_2011-09-10007222.txt,.txt,3635,auxiliary-validation,reference-corpora
LancsBox/corpora/Climate_Change/TLG_2011-09-10007223.txt,.txt,753,auxiliary-validation,reference-corpora
LancsBox/corpora/Climate_Change/TLG_2011-09-10007224.txt,.txt,1430,auxiliary-validation,reference-corpora
LancsBox/corpora/Climate_Change/TLG_2011-09-10007225.txt,.txt,5955,auxiliary-validation,reference-corpora
LancsBox/corpora/Climate_Change/TLG_2011-09-10007226_SC.txt,.txt,1103,auxiliary-validation,reference-corpora
LancsBox/corpora/Climate_Change/TLG_2011-09-10007227.txt,.txt,1389,auxiliary-validation,reference-corpora
LancsBox/corpora/Climate_Change/TLG_2011-09-10007228.txt,.txt,6685,auxiliary-validation,reference-corpora
LancsBox/corpora/Climate_Change/TLG_2011-09-13007156.txt,.txt,5413,auxiliary-validation,reference-corpora
LancsBox/corpora/Climate_Change/TLG_2011-09-13007157_SC.txt,.txt,1221,auxiliary-validation,reference-corpora
LancsBox/corpora/Climate_Change/TLG_2011-09-14007122.txt,.txt,973,auxiliary-validation,reference-corpora
LancsBox/corpora/Climate_Change/TLG_2011-09-14007123.txt,.txt,1914,auxiliary-validation,reference-corpora
LancsBox/corpora/Climate_Change/TLG_2011-09-14007124.txt,.txt,2933,auxiliary-validation,reference-corpora
LancsBox/corpora/Climate_Change/TLG_2011-09-14007125_SC.txt,.txt,1130,auxiliary-validation,reference-corpora
LancsBox/corpora/Climate_Change/TLG_2011-09-15007103.txt,.txt,2375,auxiliary-validation,reference-corpora
LancsBox/corpora/Climate_Change/TLG_2011-09-15007104.txt,.txt,749,auxiliary-validation,reference-corpora
LancsBox/corpora/Climate_Change/TLG_2011-09-15007105.txt,.txt,3780,auxiliary-validation,reference-corpora
LancsBox/corpora/Climate_Change/TLG_2011-09-16007079.txt,.txt,3359,auxiliary-validation,reference-corpora
LancsBox/corpora/Climate_Change/TLG_2011-09-17007056.txt,.txt,6546,auxiliary-validation,reference-corpora
LancsBox/corpora/Climate_Change/TLG_2011-11-30008916.txt,.txt,366,auxiliary-validation,reference-corpora
LancsBox/corpora/Climate_Change/TLG_2011-11-30008917.txt,.txt,1486,auxiliary-validation,reference-corpora
LancsBox/corpora/Climate_Change/TLG_2011-11-30008918_SC.txt,.txt,7,auxiliary-validation,reference-corpora
LancsBox/corpora/Climate_Change/TLG_2011-12-01010306.txt,.txt,4176,auxiliary-validation,reference-corpora
LancsBox/corpora/Climate_Change/TLG_2011-12-01010307.txt,.txt,1590,auxiliary-validation,reference-corpora
LancsBox/corpora/Climate_Change/TLG_2011-12-01010308.txt,.txt,1849,auxiliary-validation,reference-corpora
LancsBox/corpora/Climate_Change/TLG_2011-12-01010309_SC.txt,.txt,1247,auxiliary-validation,reference-corpora
LancsBox/corpora/Climate_Change/TLG_2011-12-02010262.txt,.txt,1653,auxiliary-validation,reference-corpora
LancsBox/corpora/Climate_Change/TLG_2011-12-02010263_SC.txt,.txt,1673,auxiliary-validation,reference-corpora
LancsBox/corpora/Climate_Change/TLG_2011-12-02010264_SC.txt,.txt,842,auxiliary-validation,reference-corpora
LancsBox/corpora/Climate_Change/TLG_2011-12-02010265.txt,.txt,368,auxiliary-validation,reference-corpora
LancsBox/corpora/Climate_Change/TLG_2011-12-03010228.txt,.txt,6819,auxiliary-validation,reference-corpora
LancsBox/corpora/Climate_Change/TLG_2011-12-30009441.txt,.txt,1599,auxiliary-validation,reference-corpora
LancsBox/corpora/Climate_Change/TLG_2011-12-30009442.txt,.txt,465,auxiliary-validation,reference-corpora
LancsBox/corpora/Climate_Change/TLG_2011-12-30009443.txt,.txt,1590,auxiliary-validation,reference-corpora
LancsBox/corpora/Climate_Change/TLG_2011-12-30009444.txt,.txt,1295,auxiliary-validation,reference-corpora
LancsBox/corpora/Climate_Change/TLG_2011-12-30009445_SC.txt,.txt,1198,auxiliary-validation,reference-corpora
LancsBox/corpora/Climate_Change/TLG_2011-12-30009446.txt,.txt,3607,auxiliary-validation,reference-corpora
LancsBox/corpora/Climate_Change/TLG_2011-12-31009411.txt,.txt,7247,auxiliary-validation,reference-corpora
LancsBox/corpora/Climate_Change/TLG_2011-12-31009412.txt,.txt,1287,auxiliary-validation,reference-corpora
LancsBox/corpora/Climate_Change/TLG_2011-12-31009413.txt,.txt,289,auxiliary-validation,reference-corpora
LancsBox/corpora/Climate_Change/TLG_2011-12-31009414.txt,.txt,283,auxiliary-validation,reference-corpora
LancsBox/corpora/Climate_Change/TMS_2011-01-02000928.txt,.txt,5312,auxiliary-validation,reference-corpora
LancsBox/corpora/Climate_Change/TMS_2011-01-02000929.txt,.txt,272,auxiliary-validation,reference-corpora
LancsBox/corpora/Climate_Change/TMS_2011-01-02000930.txt,.txt,5000,auxiliary-validation,reference-corpora
LancsBox/corpora/Climate_Change/TMS_2011-01-02000931.txt,.txt,9382,auxiliary-validation,reference-corpora
LancsBox/corpora/Climate_Change/TMS_2011-01-02000932_SC.txt,.txt,1554,auxiliary-validation,reference-corpora
LancsBox/corpora/Climate_Change/TMS_2011-01-02000933_SC.txt,.txt,1263,auxiliary-validation,reference-corpora
LancsBox/corpora/Climate_Change/TMS_2011-01-02000934_NI.txt,.txt,3541,auxiliary-validation,reference-corpora
LancsBox/corpora/Climate_Change/TMS_2011-01-02000935_NI.txt,.txt,1114,auxiliary-validation,reference-corpora
LancsBox/corpora/Climate_Change/TMS_2011-01-02000936_NI.txt,.txt,3548,auxiliary-validation,reference-corpora
LancsBox/corpora/Climate_Change/TMS_2011-01-23000279.txt,.txt,6610,auxiliary-validation,reference-corpora
LancsBox/corpora/Climate_Change/TMS_2011-01-23000280.txt,.txt,3087,auxiliary-validation,reference-corpora
LancsBox/corpora/Climate_Change/TMS_2011-01-23000281.txt,.txt,4202,auxiliary-validation,reference-corpora
LancsBox/corpora/Climate_Change/TMS_2011-01-23000282_SC.txt,.txt,5065,auxiliary-validation,reference-corpora
LancsBox/corpora/Climate_Change/TMS_2011-01-23000283_SC.txt,.txt,3129,auxiliary-validation,reference-corpora
LancsBox/corpora/Climate_Change/TMS_2011-01-23000284_SC.txt,.txt,227,auxiliary-validation,reference-corpora
LancsBox/corpora/Climate_Change/TMS_2011-01-23000285_SC.txt,.txt,1878,auxiliary-validation,reference-corpora
LancsBox/corpora/Climate_Change/TMS_2011-01-23000286_SC.txt,.txt,1324,auxiliary-validation,reference-corpora
LancsBox/corpora/Climate_Change/TMS_2011-01-23000287_NI.txt,.txt,1692,auxiliary-validation,reference-corpora
LancsBox/corpora/Climate_Change/TMS_2011-01-23000288_NI.txt,.txt,7810,auxiliary-validation,reference-corpora
LancsBox/corpora/Climate_Change/TMS_2011-01-23000289_NI.txt,.txt,3514,auxiliary-validation,reference-corpora
LancsBox/corpora/Climate_Change/TMS_2011-01-30000051.txt,.txt,2542,auxiliary-validation,reference-corpora
LancsBox/corpora/Climate_Change/TMS_2011-01-30000052.txt,.txt,3592,auxiliary-validation,reference-corpora
LancsBox/corpora/Climate_Change/TMS_2011-01-30000053.txt,.txt,5918,auxiliary-validation,reference-corpora
LancsBox/corpora/Climate_Change/TMS_2011-01-30000054.txt,.txt,5650,auxiliary-validation,reference-corpora
LancsBox/corpora/Climate_Change/TMS_2011-01-30000055.txt,.txt,6300,auxiliary-validation,reference-corpora
LancsBox/corpora/Climate_Change/TMS_2011-02-20001188_NI.txt,.txt,2065,auxiliary-validation,reference-corpora
LancsBox/corpora/Climate_Change/TMS_2011-03-06002582.txt,.txt,808,auxiliary-validation,reference-corpora
LancsBox/corpora/Climate_Change/TMS_2011-03-06002583.txt,.txt,492,auxiliary-validation,reference-corpora
LancsBox/corpora/Climate_Change/TMS_2011-03-06002584.txt,.txt,13000,auxiliary-validation,reference-corpora
LancsBox/corpora/Climate_Change/TMS_2011-03-06002585.txt,.txt,4736,auxiliary-validation,reference-corpora
LancsBox/corpora/Climate_Change/TMS_2011-03-06002586.txt,.txt,1164,auxiliary-validation,reference-corpora
LancsBox/corpora/Climate_Change/TMS_2011-03-06002587.txt,.txt,369,auxiliary-validation,reference-corpora
LancsBox/corpora/Climate_Change/TMS_2011-03-06002588.txt,.txt,441,auxiliary-validation,reference-corpora
LancsBox/corpora/Climate_Change/TMS_2011-03-06002589.txt,.txt,1686,auxiliary-validation,reference-corpora
LancsBox/corpora/Climate_Change/TMS_2011-03-06002590_SC.txt,.txt,917,auxiliary-validation,reference-corpora
LancsBox/corpora/Climate_Change/TMS_2011-03-06002591_SC.txt,.txt,5729,auxiliary-validation,reference-corpora
LancsBox/corpora/Climate_Change/TMS_2011-03-06002592_SC.txt,.txt,369,auxiliary-validation,reference-corpora
LancsBox/corpora/Climate_Change/TMS_2011-03-06002593_SC.txt,.txt,439,auxiliary-validation,reference-corpora
LancsBox/corpora/Climate_Change/TMS_2011-03-06002594_NI.txt,.txt,3378,auxiliary-validation,reference-corpora
LancsBox/corpora/Climate_Change/TMS_2011-03-06002595_NI.txt,.txt,1666,auxiliary-validation,reference-corpora
LancsBox/corpora/Climate_Change/TMS_2011-03-06002596_NI.txt,.txt,5523,auxiliary-validation,reference-corpora
LancsBox/corpora/Climate_Change/TMS_2011-03-06002597_NI.txt,.txt,1419,auxiliary-validation,reference-corpora
LancsBox/corpora/Climate_Change/TMS_2011-03-06002598_NI.txt,.txt,803,auxiliary-validation,reference-corpora
LancsBox/corpora/Climate_Change/TMS_2011-03-13002417.txt,.txt,865,auxiliary-validation,reference-corpora
LancsBox/corpora/Climate_Change/TMS_2011-03-13002418.txt,.txt,1611,auxiliary-validation,reference-corpora
LancsBox/corpora/Climate_Change/TMS_2011-03-13002419.txt,.txt,1441,auxiliary-validation,reference-corpora
LancsBox/corpora/Climate_Change/TMS_2011-03-13002420.txt,.txt,297,auxiliary-validation,reference-corpora
LancsBox/corpora/Climate_Change/TMS_2011-03-13002421.txt,.txt,2383,auxiliary-validation,reference-corpora
LancsBox/corpora/Climate_Change/TMS_2011-03-13002422.txt,.txt,3931,auxiliary-validation,reference-corpora
LancsBox/corpora/Climate_Change/TMS_2011-03-13002423.txt,.txt,4002,auxiliary-validation,reference-corpora
LancsBox/corpora/Climate_Change/TMS_2011-03-13002424_SC.txt,.txt,298,auxiliary-validation,reference-corpora
LancsBox/corpora/Climate_Change/TMS_2011-03-13002425_SC.txt,.txt,945,auxiliary-validation,reference-corpora
LancsBox/corpora/Climate_Change/TMS_2011-04-03003363_NI.txt,.txt,602,auxiliary-validation,reference-corpora
LancsBox/corpora/Climate_Change/TMS_2011-04-03003364_NI.txt,.txt,663,auxiliary-validation,reference-corpora
LancsBox/corpora/Climate_Change/TMS_2011-04-03003365.txt,.txt,1564,auxiliary-validation,reference-corpora
LancsBox/corpora/Climate_Change/TMS_2011-04-03003366.txt,.txt,888,auxiliary-validation,reference-corpora
LancsBox/corpora/Climate_Change/TMS_2011-04-03003367.txt,.txt,4206,auxiliary-validation,reference-corpora
LancsBox/corpora/Climate_Change/TMS_2011-04-03003368.txt,.txt,1158,auxiliary-validation,reference-corpora
LancsBox/corpora/Climate_Change/TMS_2011-04-10003172.txt,.txt,1812,auxiliary-validation,reference-corpora
LancsBox/corpora/Climate_Change/TMS_2011-04-10003173.txt,.txt,20,auxiliary-validation,reference-corpora
LancsBox/corpora/Climate_Change/TMS_2011-04-10003174.txt,.txt,1719,auxiliary-validation,reference-corpora
LancsBox/corpora/Climate_Change/TMS_2011-04-17003005.txt,.txt,3322,auxiliary-validation,reference-corpora
LancsBox/corpora/Climate_Change/TMS_2011-04-17003006_SC.txt,.txt,1113,auxiliary-validation,reference-corpora
LancsBox/corpora/Climate_Change/TMS_2011-04-17003007_SC.txt,.txt,3933,auxiliary-validation,reference-corpora
LancsBox/corpora/Climate_Change/TMS_2011-04-17003008_SC.txt,.txt,1636,auxiliary-validation,reference-corpora
LancsBox/corpora/Climate_Change/TMS_2011-04-24002837_NI.txt,.txt,1034,auxiliary-validation,reference-corpora
LancsBox/corpora/Climate_Change/TMS_2011-04-24002841.txt,.txt,3987,auxiliary-validation,reference-corpora
LancsBox/corpora/Climate_Change/TMS_2011-04-24002842_SC.txt,.txt,775,auxiliary-validation,reference-corpora
LancsBox/corpora/Climate_Change/TMS_2011-04-24002843_SC.txt,.txt,752,auxiliary-validation,reference-corpora
LancsBox/corpora/Climate_Change/TMS_2011-04-24002844_SC.txt,.txt,18021,auxiliary-validation,reference-corpora
LancsBox/corpora/Climate_Change/TMS_2011-05-01004304_SC.txt,.txt,8657,auxiliary-validation,reference-corpora
LancsBox/corpora/Climate_Change/TMS_2011-05-01004305_NI.txt,.txt,3761,auxiliary-validation,reference-corpora
LancsBox/corpora/Climate_Change/TMS_2011-05-01004306_NI.txt,.txt,1415,auxiliary-validation,reference-corpora
LancsBox/corpora/Climate_Change/TMS_2011-05-01004307_NI.txt,.txt,1892,auxiliary-validation,reference-corpora
LancsBox/corpora/Climate_Change/TMS_2011-05-01004308_NI.txt,.txt,4907,auxiliary-validation,reference-corpora
LancsBox/corpora/Climate_Change/TMS_2011-05-01004309_NI.txt,.txt,2194,auxiliary-validation,reference-corpora
LancsBox/corpora/Climate_Change/TMS_2011-05-08004104.txt,.txt,1733,auxiliary-validation,reference-corpora
LancsBox/corpora/Climate_Change/TMS_2011-06-05005140_NI.txt,.txt,1336,auxiliary-validation,reference-corpora
LancsBox/corpora/Climate_Change/TMS_2011-06-05005141_NI.txt,.txt,3152,auxiliary-validation,reference-corpora
LancsBox/corpora/Climate_Change/TMS_2011-06-05005142_NI.txt,.txt,738,auxiliary-validation,reference-corpora
LancsBox/corpora/Climate_Change/TMS_2011-06-26004461_SC.txt,.txt,1018,auxiliary-validation,reference-corpora
LancsBox/corpora/Climate_Change/TMS_2011-06-26004462_SC.txt,.txt,2090,auxiliary-validation,reference-corpora
LancsBox/corpora/Climate_Change/TMS_2011-06-26004463_NI.txt,.txt,434,auxiliary-validation,reference-corpora
LancsBox/corpora/Climate_Change/TMS_2011-06-26004464_NI.txt,.txt,10428,auxiliary-validation,reference-corpora
LancsBox/corpora/Climate_Change/TMS_2011-06-26004465_NI.txt,.txt,653,auxiliary-validation,reference-corpora
LancsBox/corpora/Climate_Change/TMS_2011-06-26004466_NI.txt,.txt,3699,auxiliary-validation,reference-corpora
LancsBox/corpora/Climate_Change/TMS_2011-06-26004467_NI.txt,.txt,1054,auxiliary-validation,reference-corpora
LancsBox/corpora/Climate_Change/TMS_2011-07-10005827_NI.txt,.txt,590,auxiliary-validation,reference-corpora
LancsBox/corpora/Climate_Change/TMS_2011-07-31005323_NI.txt,.txt,600,auxiliary-validation,reference-corpora
LancsBox/corpora/Climate_Change/TMS_2011-08-14006438_SC.txt,.txt,2688,auxiliary-validation,reference-corpora
LancsBox/corpora/Climate_Change/TMS_2011-08-14006439_NI.txt,.txt,351,auxiliary-validation,reference-corpora
LancsBox/corpora/Climate_Change/TMS_2011-08-14006440_NI.txt,.txt,3522,auxiliary-validation,reference-corpora
LancsBox/corpora/Climate_Change/TMS_2011-09-04007338_NI.txt,.txt,4108,auxiliary-validation,reference-corpora
LancsBox/corpora/Climate_Change/TMS_2011-09-04007339_NI.txt,.txt,1568,auxiliary-validation,reference-corpora
LancsBox/corpora/Climate_Change/TMS_2011-09-04007340_NI.txt,.txt,1406,auxiliary-validation,reference-corpora
LancsBox/corpora/Climate_Change/TMS_2011-09-11007207.txt,.txt,4519,auxiliary-validation,reference-corpora
LancsBox/corpora/Climate_Change/TMS_2011-09-11007208.txt,.txt,1916,auxiliary-validation,reference-corpora
LancsBox/corpora/Climate_Change/TMS_2011-09-11007209.txt,.txt,1493,auxiliary-validation,reference-corpora
LancsBox/corpora/Climate_Change/TMS_2011-09-11007210.txt,.txt,1358,auxiliary-validation,reference-corpora
LancsBox/corpora/Climate_Change/TMS_2011-10-09008152_NI.txt,.txt,1257,auxiliary-validation,reference-corpora
LancsBox/corpora/Climate_Change/TMS_2011-10-16007940.txt,.txt,5582,auxiliary-validation,reference-corpora
LancsBox/corpora/Climate_Change/TMS_2011-10-16007941.txt,.txt,8069,auxiliary-validation,reference-corpora
LancsBox/corpora/Climate_Change/TMS_2011-10-16007942.txt,.txt,196,auxiliary-validation,reference-corpora
LancsBox/corpora/Climate_Change/TMS_2011-10-16007943.txt,.txt,6035,auxiliary-validation,reference-corpora
LancsBox/corpora/Climate_Change/TMS_2011-10-16007944.txt,.txt,4192,auxiliary-validation,reference-corpora
LancsBox/corpora/Climate_Change/TMS_2011-10-23007711_NI.txt,.txt,781,auxiliary-validation,reference-corpora
LancsBox/corpora/Climate_Change/TMS_2011-10-30007501.txt,.txt,1919,auxiliary-validation,reference-corpora
LancsBox/corpora/Climate_Change/TMS_2011-10-30007502.txt,.txt,2795,auxiliary-validation,reference-corpora
LancsBox/corpora/Climate_Change/TMS_2011-10-30007503.txt,.txt,8056,auxiliary-validation,reference-corpora
LancsBox/corpora/Climate_Change/TMS_2011-10-30007504.txt,.txt,3788,auxiliary-validation,reference-corpora
LancsBox/corpora/Climate_Change/TMS_2011-11-20009284_SC.txt,.txt,3485,auxiliary-validation,reference-corpora
LancsBox/corpora/Climate_Change/TMS_2011-11-20009285_NI.txt,.txt,57,auxiliary-validation,reference-corpora
LancsBox/corpora/Climate_Change/TMS_2011-11-20009286_NI.txt,.txt,2496,auxiliary-validation,reference-corpora
LancsBox/corpora/Climate_Change/TMS_2011-11-20009287_NI.txt,.txt,1044,auxiliary-validation,reference-corpora
LancsBox/corpora/Climate_Change/TMS_2011-11-20009288_NI.txt,.txt,1552,auxiliary-validation,reference-corpora
LancsBox/corpora/Climate_Change/TMS_2011-11-20009289_NI.txt,.txt,1782,auxiliary-validation,reference-corpora
LancsBox/corpora/Climate_Change/TMS_2011-11-20009290_NI.txt,.txt,2562,auxiliary-validation,reference-corpora
LancsBox/corpora/Climate_Change/TMS_2011-12-04010220_NI.txt,.txt,3351,auxiliary-validation,reference-corpora
LancsBox/corpora/Climate_Change/TMS_2011-12-04010221_NI.txt,.txt,2784,auxiliary-validation,reference-corpora
LancsBox/corpora/Climate_Change/TMS_2011-12-04010222_NI.txt,.txt,5653,auxiliary-validation,reference-corpora
LancsBox/corpora/brown_corpus/BROWN_A.txt,.txt,547716,auxiliary-validation,reference-corpora
LancsBox/corpora/brown_corpus/BROWN_B.txt,.txt,333346,auxiliary-validation,reference-corpora
LancsBox/corpora/brown_corpus/BROWN_C.txt,.txt,219379,auxiliary-validation,reference-corpora
LancsBox/corpora/brown_corpus/BROWN_D.txt,.txt,208183,auxiliary-validation,reference-corpora
LancsBox/corpora/brown_corpus/BROWN_E.txt,.txt,443365,auxiliary-validation,reference-corpora
LancsBox/corpora/brown_corpus/BROWN_F.txt,.txt,589223,auxiliary-validation,reference-corpora
LancsBox/corpora/brown_corpus/BROWN_G.txt,.txt,924170,auxiliary-validation,reference-corpora
LancsBox/corpora/brown_corpus/BROWN_H.txt,.txt,399392,auxiliary-validation,reference-corpora
LancsBox/corpora/brown_corpus/BROWN_K.txt,.txt,335120,auxiliary-validation,reference-corpora
LancsBox/corpora/brown_corpus/BROWN_L.txt,.txt,276120,auxiliary-validation,reference-corpora
LancsBox/corpora/brown_corpus/BROWN_M.txt,.txt,72318,auxiliary-validation,reference-corpora
LancsBox/corpora/brown_corpus/BROWN_N.txt,.txt,336356,auxiliary-validation,reference-corpora
LancsBox/corpora/brown_corpus/BROWN_P.txt,.txt,336937,auxiliary-validation,reference-corpora
LancsBox/corpora/brown_corpus/BROWN_R.txt,.txt,109142,auxiliary-validation,reference-corpora
LancsBox/corpora/lob_corpus/LOB_A.txt,.txt,546689,auxiliary-validation,reference-corpora
LancsBox/corpora/lob_corpus/LOB_B.txt,.txt,331298,auxiliary-validation,reference-corpora
LancsBox/corpora/lob_corpus/LOB_C.txt,.txt,212185,auxiliary-validation,reference-corpora
LancsBox/corpora/lob_corpus/LOB_D.txt,.txt,202765,auxiliary-validation,reference-corpora
LancsBox/corpora/lob_corpus/LOB_E.txt,.txt,456159,auxiliary-validation,reference-corpora
LancsBox/corpora/lob_corpus/LOB_F.txt,.txt,537947,auxiliary-validation,reference-corpora
LancsBox/corpora/lob_corpus/LOB_G.txt,.txt,942174,auxiliary-validation,reference-corpora
LancsBox/corpora/lob_corpus/LOB_H.txt,.txt,374820,auxiliary-validation,reference-corpora
LancsBox/corpora/lob_corpus/LOB_J.txt,.txt,996422,auxiliary-validation,reference-corpora
LancsBox/corpora/lob_corpus/LOB_K.txt,.txt,340387,auxiliary-validation,reference-corpora
LancsBox/corpora/lob_corpus/LOB_L.txt,.txt,282779,auxiliary-validation,reference-corpora
LancsBox/corpora/lob_corpus/LOB_M.txt,.txt,73371,auxiliary-validation,reference-corpora
LancsBox/corpora/lob_corpus/LOB_N.txt,.txt,341867,auxiliary-validation,reference-corpora
LancsBox/corpora/lob_corpus/LOB_P.txt,.txt,338843,auxiliary-validation,reference-corpora
LancsBox/corpora/lob_corpus/LOB_R.txt,.txt,107564,auxiliary-validation,reference-corpora
LancsBox.zip,.zip,13263904,auxiliary-validation,provenance-or-media
code/art_of_r.R,.r,2698,legacy-demo,course-or-project-archive
code/counting_words.R,.r,3172,legacy-demo,course-or-project-archive
code/data_preparation.R,.r,6850,legacy-demo,course-or-project-archive
code/r_basics.R,.r,4686,legacy-demo,course-or-project-archive
code-2016-07-26.zip,.zip,7845,auxiliary-validation,provenance-or-media
data/dr_seuss.txt,.txt,3668,legacy-demo,course-or-project-archive
data/j_hansen.txt,.txt,895,legacy-demo,course-or-project-archive
data/kjv.txt,.txt,4552291,legacy-demo,course-or-project-archive
data/kjv_books/1Chron.txt,.txt,121848,legacy-demo,course-or-project-archive
data/kjv_books/1Cor.txt,.txt,53559,legacy-demo,course-or-project-archive
data/kjv_books/1Esdras.txt,.txt,70217,legacy-demo,course-or-project-archive
data/kjv_books/1John.txt,.txt,13800,legacy-demo,course-or-project-archive
data/kjv_books/1Kings.txt,.txt,137006,legacy-demo,course-or-project-archive
data/kjv_books/1Mac.txt,.txt,140367,legacy-demo,course-or-project-archive
data/kjv_books/1Peter.txt,.txt,14621,legacy-demo,course-or-project-archive
data/kjv_books/1Sam.txt,.txt,139533,legacy-demo,course-or-project-archive
data/kjv_books/1Thes.txt,.txt,10584,legacy-demo,course-or-project-archive
data/kjv_books/1Tim.txt,.txt,13829,legacy-demo,course-or-project-archive
data/kjv_books/2Chron.txt,.txt,149419,legacy-demo,course-or-project-archive
data/kjv_books/2Cor.txt,.txt,34869,legacy-demo,course-or-project-archive
data/kjv_books/2Esdras.txt,.txt,120369,legacy-demo,course-or-project-archive
data/kjv_books/2John.txt,.txt,1720,legacy-demo,course-or-project-archive
data/kjv_books/2Kings.txt,.txt,129831,legacy-demo,course-or-project-archive
data/kjv_books/2Mac.txt,.txt,98622,legacy-demo,course-or-project-archive
data/kjv_books/2Peter.txt,.txt,9373,legacy-demo,course-or-project-archive
data/kjv_books/2Sam.txt,.txt,115004,legacy-demo,course-or-project-archive
data/kjv_books/2Thes.txt,.txt,5970,legacy-demo,course-or-project-archive
data/kjv_books/2Tim.txt,.txt,10051,legacy-demo,course-or-project-archive
data/kjv_books/3John.txt,.txt,1781,legacy-demo,course-or-project-archive
data/kjv_books/Acts.txt,.txt,140676,legacy-demo,course-or-project-archive
data/kjv_books/Amos.txt,.txt,23502,legacy-demo,course-or-project-archive
data/kjv_books/Azar.txt,.txt,8186,legacy-demo,course-or-project-archive
data/kjv_books/Baruch.txt,.txt,19804,legacy-demo,course-or-project-archive
data/kjv_books/Bel.txt,.txt,6366,legacy-demo,course-or-project-archive
data/kjv_books/Col.txt,.txt,11737,legacy-demo,course-or-project-archive
data/kjv_books/Daniel.txt,.txt,66189,legacy-demo,course-or-project-archive
data/kjv_books/Deut.txt,.txt,158164,legacy-demo,course-or-project-archive
data/kjv_books/Eccl.txt,.txt,31105,legacy-demo,course-or-project-archive
data/kjv_books/Eph.txt,.txt,17805,legacy-demo,course-or-project-archive
data/kjv_books/Esther.txt,.txt,32284,legacy-demo,course-or-project-archive
data/kjv_books/Exodus.txt,.txt,184313,legacy-demo,course-or-project-archive
data/kjv_books/Ezekiel.txt,.txt,221532,legacy-demo,course-or-project-archive
data/kjv_books/Ezra.txt,.txt,43578,legacy-demo,course-or-project-archive
data/kjv_books/Gal.txt,.txt,17726,legacy-demo,course-or-project-archive
data/kjv_books/Genesis.txt,.txt,214894,legacy-demo,course-or-project-archive
data/kjv_books/GkEsther.txt,.txt,16419,legacy-demo,course-or-project-archive
data/kjv_books/Habakkuk.txt,.txt,8610,legacy-demo,course-or-project-archive
data/kjv_books/Haggai.txt,.txt,6199,legacy-demo,course-or-project-archive
data/kjv_books/Hebrews.txt,.txt,40388,legacy-demo,course-or-project-archive
data/kjv_books/Hosea.txt,.txt,29398,legacy-demo,course-or-project-archive
data/kjv_books/Isaiah.txt,.txt,210120,legacy-demo,course-or-project-archive
data/kjv_books/James.txt,.txt,13216,legacy-demo,course-or-project-archive
data/kjv_books/Jeremiah.txt,.txt,240547,legacy-demo,course-or-project-archive
data/kjv_books/Job.txt,.txt,105497,legacy-demo,course-or-project-archive
data/kjv_books/Joel.txt,.txt,11521,legacy-demo,course-or-project-archive
data/kjv_books/John.txt,.txt,106980,legacy-demo,course-or-project-archive
data/kjv_books/Jonah.txt,.txt,7165,legacy-demo,course-or-project-archive
data/kjv_books/Joshua.txt,.txt,108065,legacy-demo,course-or-project-archive
data/kjv_books/Jude.txt,.txt,3822,legacy-demo,course-or-project-archive
data/kjv_books/Judges.txt,.txt,106245,legacy-demo,course-or-project-archive
data/kjv_books/Judith.txt,.txt,63892,legacy-demo,course-or-project-archive
data/kjv_books/Lament.txt,.txt,19738,legacy-demo,course-or-project-archive
data/kjv_books/Let.txt,.txt,10005,legacy-demo,course-or-project-archive
data/kjv_books/Lev.txt,.txt,137643,legacy-demo,course-or-project-archive
data/kjv_books/Luke.txt,.txt,146949,legacy-demo,course-or-project-archive
data/kjv_books/Malachi.txt,.txt,9896,legacy-demo,course-or-project-archive
data/kjv_books/Man.txt,.txt,2462,legacy-demo,course-or-project-archive
data/kjv_books/Mark.txt,.txt,86137,legacy-demo,course-or-project-archive
data/kjv_books/Matthew.txt,.txt,136035,legacy-demo,course-or-project-archive
data/kjv_books/Micah.txt,.txt,17587,legacy-demo,course-or-project-archive
data/kjv_books/Nahum.txt,.txt,7450,legacy-demo,course-or-project-archive
data/kjv_books/Nehemiah.txt,.txt,61728,legacy-demo,course-or-project-archive
data/kjv_books/Num.txt,.txt,190790,legacy-demo,course-or-project-archive
data/kjv_books/Obadiah.txt,.txt,3860,legacy-demo,course-or-project-archive
data/kjv_books/Philemon.txt,.txt,2605,legacy-demo,course-or-project-archive
data/kjv_books/Philip.txt,.txt,12656,legacy-demo,course-or-project-archive
data/kjv_books/Proverbs.txt,.txt,89985,legacy-demo,course-or-project-archive
data/kjv_books/Psalms.txt,.txt,275614,legacy-demo,course-or-project-archive
data/kjv_books/Rev.txt,.txt,66534,legacy-demo,course-or-project-archive
data/kjv_books/Romans.txt,.txt,54758,legacy-demo,course-or-project-archive
data/kjv_books/Ruth.txt,.txt,14022,legacy-demo,course-or-project-archive
data/kjv_books/Sirach.txt,.txt,173320,legacy-demo,course-or-project-archive
data/kjv_books/Song.txt,.txt,15152,legacy-demo,course-or-project-archive
data/kjv_books/Susanna.txt,.txt,8721,legacy-demo,course-or-project-archive
data/kjv_books/Titus.txt,.txt,5612,legacy-demo,course-or-project-archive
data/kjv_books/Tobit.txt,.txt,39336,legacy-demo,course-or-project-archive
data/kjv_books/Wisdom.txt,.txt,64640,legacy-demo,course-or-project-archive
data/kjv_books/Zech.txt,.txt,35476,legacy-demo,course-or-project-archive
data/kjv_books/Zeph.txt,.txt,9135,legacy-demo,course-or-project-archive
data/koran.txt,.txt,899842,legacy-demo,course-or-project-archive
data/manifests/corpus_manifest.csv,.csv,7317,legacy-demo,course-or-project-archive
data/manifests/legacy_summary.csv,.csv,142,legacy-demo,course-or-project-archive
data/manifests/local_assets.csv,.csv,132757,legacy-demo,course-or-project-archive
data/nt_hist/Acts.txt,.txt,140676,legacy-demo,course-or-project-archive
data/nt_hist/John.txt,.txt,106980,legacy-demo,course-or-project-archive
data/nt_hist/Luke.txt,.txt,146949,legacy-demo,course-or-project-archive
data/nt_hist/Mark.txt,.txt,86137,legacy-demo,course-or-project-archive
data/nt_hist/Matthew.txt,.txt,136035,legacy-demo,course-or-project-archive
data/nt_hist/Thomas.txt,.txt,27548,legacy-demo,course-or-project-archive
data/raw/core/11757.txt,.txt,42225,core,reconstructed-corpus
data/raw/core/120.txt,.txt,399864,core,reconstructed-corpus
data/raw/core/12603.txt,.txt,46999,core,reconstructed-corpus
data/raw/core/16.txt,.txt,288772,core,reconstructed-corpus
data/raw/core/18077.txt,.txt,290047,core,reconstructed-corpus
data/raw/core/18614.txt,.txt,160603,core,reconstructed-corpus
data/raw/core/21935.txt,.txt,123508,core,reconstructed-corpus
data/raw/core/236.txt,.txt,303643,core,reconstructed-corpus
data/raw/core/2770.txt,.txt,433442,core,reconstructed-corpus
data/raw/core/41.txt,.txt,90899,core,reconstructed-corpus
data/raw/core/4356.txt,.txt,330370,core,reconstructed-corpus
data/raw/core/45.txt,.txt,606696,core,reconstructed-corpus
data/raw/core/514.txt,.txt,1071408,core,reconstructed-corpus
data/raw/core/517.txt,.txt,325063,core,reconstructed-corpus
data/raw/core/5302.txt,.txt,61774,core,reconstructed-corpus
data/raw/core/5420.txt,.txt,56201,core,reconstructed-corpus
data/raw/core/5615.txt,.txt,549964,core,reconstructed-corpus
data/raw/core/6471.txt,.txt,641872,core,reconstructed-corpus
data/raw/core/8994.txt,.txt,293600,core,reconstructed-corpus
data/raw/core/9214.txt,.txt,42967,core,reconstructed-corpus
data/raw/expanded/11.txt,.txt,174314,core,reconstructed-corpus
data/raw/expanded/113.txt,.txt,475318,core,reconstructed-corpus
data/raw/expanded/289.txt,.txt,358361,core,reconstructed-corpus
data/raw/expanded/498.txt,.txt,439167,core,reconstructed-corpus
data/raw/expanded/55.txt,.txt,237235,core,reconstructed-corpus
data-2.txt,.txt,3051,auxiliary-validation,misc
data-2016-07-26.zip,.zip,3753930,auxiliary-validation,provenance-or-media
data.txt,.txt,3051,auxiliary-validation,misc
design_communication.pdf,.pdf,279764,auxiliary-validation,provenance-or-media
english1.dat,.dat,1137,auxiliary-validation,misc
final_t_models.txt,.txt,2547,auxiliary-validation,misc
latent_variables.pdf,.pdf,54376295,auxiliary-validation,provenance-or-media
loading_the_directory_and_most_cleaning.txt,.txt,3322,auxiliary-validation,misc
other_resources/kjv.RData,.rdata,4064827,legacy-demo,course-or-project-archive
other_resources/kjv_metadata.csv,.csv,2441,legacy-demo,course-or-project-archive
other_resources/stoplist.csv,.csv,3821,legacy-demo,course-or-project-archive
other_resources-2016-07-26.zip,.zip,4068983,auxiliary-validation,provenance-or-media
sentiments.pdf,.pdf,646194,auxiliary-validation,provenance-or-media
slides-2016-07-26.zip,.zip,4515625,auxiliary-validation,provenance-or-media
t_models.txt,.txt,1618,auxiliary-validation,misc
tm_the_great_unread-master/.RData,,2964,legacy-demo,course-or-project-archive
tm_the_great_unread-master/.Rapp.history,.history,0,legacy-demo,course-or-project-archive
tm_the_great_unread-master/.Rhistory,,1465,legacy-demo,course-or-project-archive
tm_the_great_unread-master/README.md,.md,2148,legacy-demo,course-or-project-archive
tm_the_great_unread-master/art_of_r.R,.r,2578,legacy-demo,course-or-project-archive
tm_the_great_unread-master/r_basics.R,.r,4498,legacy-demo,course-or-project-archive
tm_the_great_unread-master/syllabus.tex,.tex,5666,legacy-demo,course-or-project-archive
